filename,imageID,brightness_median,brightness_stdev,saturation_median,saturation_stdev,hue_median,hue_stdev
002993d33e4885a21359e4bffdef6ebe1405117867_full.jpeg,1,"218,00","64,01","123,00","81,36","137,00","61,56"
00b0bd7aa79494632ae1843335cdd7af1444082390_full.jpeg,2,"239,00","71,45","93,00","86,98","132,00","94,61"
0145388e3ecfdb5a63ce1e9feaeef44a1279141923_full.jpeg,3,"222,00","67,71","113,00","67,81","91,00","79,57"
0147a7268ae1c79b111c8fd62fbe8fbe1433796778_full.jpeg,4,"164,00","85,48","90,00","71,33","148,00","63,20"
016bf790d8da3bc62597f79c7141be391459210713_full.jpeg,5,"172,00","80,31","43,00","50,52","59,00","77,76"
02c4bcdd4923f6683cb849e16f310a8b1554444760_full.jpeg,6,"249,00","72,62","72,00","41,06","104,00","71,65"
02c530d043b143dad21411847543a1511532555974_full.jpeg,7,"105,00","86,38","57,00","76,32","147,00","82,83"
02efb5862c8f76d2d9239913c3c323d71475742970_full.jpeg,8,"245,00","37,61","102,00","88,17","149,00","47,92"
032245ab62bb06c16aa8a789f5e3c0a01483481129_full.jpeg,9,"255,00","59,40","0,00","17,88","0,00","59,72"
03562ac02cc553a6cbab7a7c66d0f9f01436460065_full.jpeg,10,"223,00","52,89","38,00","49,38","106,00","85,77"
036c94886386a9dd8d7390d0b1cdbc5d1542154530_full.jpeg,11,"155,00","61,66","91,00","78,70","148,00","66,26"
0387c0a9b146f5c28022531f01578e8a1487383801_full.jpeg,12,"161,00","64,38","241,00","71,23","250,00","99,84"
04110a0802497df7eedda1d169f7ef3b1514497672_full.jpeg,13,"243,00","67,99","60,00","47,78","235,00","88,44"
04b29833ccaaf2ee6bda1d08f2f02ecf1539039197_full.jpeg,14,"247,00","74,98","5,00","86,19","19,00","79,61"
04f1dca1fd0dc400fcd8eb1b6bd71e4e1437159674_full.jpeg,15,"156,00","80,51","97,00","64,80","28,00","89,36"
0596d472c2d22364f518b189a84698e51469651323_full.jpeg,16,"169,00","62,63","55,00","38,67","156,00","85,57"
059adbb19d193db985e97f1c5871a4911515055626_full.jpeg,17,"222,00","44,53","123,00","72,06","147,00","49,73"
05b760c7cc8eb1a59e1ba4679a78d6fd1412208964_full.jpeg,18,"222,00","65,66","26,00","74,70","156,00","43,07"
06f2c7030f794acf0bfdd34e5735bd191465708255_full.jpeg,19,"189,00","82,14","20,00","87,62","127,00","75,57"
07074b150c56e91b313f93b8b246c0451489010084_full.jpeg,20,"69,00","68,71","28,00","59,58","148,00","76,80"
0742aadf638509c7a0319e258e82149d1493158752_full.jpeg,21,"160,00","53,02","58,00","47,65","21,00","84,73"
07f56cb3c9220952600b0975a883b0f91546997210_full.jpeg,22,"76,00","86,08","55,00","70,40","24,00","33,69"
07ffd09d6983a3080b411232c359f9661434056949_full.jpeg,23,"186,00","56,67","145,00","54,96","67,00","65,75"
0805670912bb028b4201de3e78bf1a011341862438_full.jpeg,24,"98,00","79,49","103,00","61,59","159,00","83,00"
0864e47743dc6298ac3ae945d85dc8161496775332_full.jpeg,25,"215,00","58,19","76,00","76,64","136,00","56,29"
08918192d87bc1718efd977c683187031452280865_full.jpeg,26,"86,00","85,64","127,00","62,03","181,00","99,33"
08ab9998d9d0641d3ffc39a4467f84581365189311_full.jpeg,27,"233,00","46,10","106,00","64,76","147,00","51,93"
08dc0b300fca1be155cb7d6252fd3c0f1562792915_full.jpeg,28,"233,00","76,79","12,00","58,80","23,00","100,04"
0a87bda81e1bf231e22dbece79f5eb411523241970_full.jpeg,29,"182,00","70,41","50,00","47,61","91,00","46,62"
0ad95ed4fd62f25cf311c5c19d4198661325696546_full.jpeg,30,"133,00","82,44","73,00","66,79","142,00","74,16"
0af3e3b13d3b9371c338a66878cff6151530795404_full.jpeg,31,"219,00","67,83","45,00","57,47","38,00","81,79"
0b07451e9b20be6c024833a762a2e6a81538837010_full.jpeg,32,"153,00","75,31","51,00","55,52","145,00","66,87"
0b8232f22b46d36f8fe52f4127da09c71482733705_full.jpeg,33,"238,00","52,40","55,00","57,74","60,00","100,80"
0ba77ad51b68432952911659d1ab14ae1396374474_full.jpeg,34,"137,00","78,58","162,00","84,80","70,00","84,03"
0bb2e9ba6cee0d7597b046035ac15ea61530858781_full.jpeg,35,"234,00","35,30","47,00","77,15","150,00","60,46"
0bed4414c42a629cb1b1266d1f2d00e71411672392_full.jpeg,36,"234,00","78,19","85,00","64,93","34,00","69,02"
0c3efe244bb0352eaa92d317c9ffbaae1357318199_full.jpeg,37,"255,00","32,42","109,00","92,32","40,00","94,67"
0c40842ee6753a33e292ab258eb901171406587958_full.jpeg,38,"204,00","67,85","89,00","61,85","140,00","75,88"
0c4e3d1966f490d1fd02a86e88dbbf8a1423784130_full.jpeg,39,"232,00","28,91","15,00","87,86","164,00","71,46"
0c7a446d4b906b325acf65f78cbe4bd41459543054_full.jpeg,40,"80,00","67,27","62,00","27,49","187,00","68,52"
0cceac969f333e6f28c2f667ad3820131541631971_full.jpeg,41,"57,00","99,81","5,00","80,45","42,00","89,65"
0cf2bb1d8613e37f7b8913b0cc85065b1389123747_full.jpeg,42,"255,00","62,98","0,00","72,81","0,00","63,32"
0d3a3b9f3a98c68aee053c0bd4bd209b1459791495_full.jpeg,43,"78,00","69,95","90,00","52,08","191,00","76,40"
0d9b4b1ea1fa85abd0472c0d1314c2601459549637_full.jpeg,44,"57,00","78,27","161,00","57,30","207,00","114,40"
0db7fa4e77f188c4066128fc958e2dc91515741851_full.jpeg,45,"155,00","73,15","53,00","57,40","148,00","74,95"
0e1f695c5f3d9629d4b6b4b2cf93729f1460330137_full.jpeg,46,"244,00","65,69","80,00","76,27","141,00","78,17"
0e71f08f4c295126888cc5e9d8bd7abd1388433166_full.jpeg,47,"165,00","71,07","65,00","54,04","80,00","69,74"
0ec45a1a2f45ad94ea7c4d9be56d518b1507065168_full.jpeg,48,"192,00","60,46","61,00","50,52","26,00","102,52"
0ecc80ed74ddb2c26df3c0c8711cda671515201557_full.jpeg,49,"156,00","59,19","45,00","62,78","77,00","51,42"
0eceb5e875bf8a87799d16abe43ed1701500429555_full.jpeg,50,"56,00","79,05","234,00","53,07","8,00","47,13"
0fd1082ae518bbe2d8f86bbb5b363a4b1569972548_full.jpeg,51,"184,00","60,83","122,00","66,47","140,00","83,43"
10087727231e15280b95f55cd689738e1506994552_full.jpeg,52,"164,00","74,97","123,00","69,74","127,00","78,54"
10b117017d07aa836665f0608ef46ad11498717948_full.jpeg,53,"122,00","76,78","71,00","65,46","93,00","70,93"
112c3548fe85ce7011da22f9ff4cb5231388688447_full.jpeg,54,"196,00","77,97","80,00","51,22","126,00","82,38"
113e3214f291fc167742e9ef02f8593e1404823328_full.jpeg,55,"227,00","37,76","46,00","42,96","124,00","69,07"
117f221a9dd3d3a26d9273bc9cca47b71444308191_full.jpeg,56,"74,00","67,47","91,00","39,68","127,00","27,76"
118cbf9283ae293482f50929444cd2821459548131_full.jpeg,57,"112,00","69,42","132,00","78,07","143,00","90,55"
11a62f3a994a5141b676a5143f446cab1372351901_full.jpeg,58,"219,00","85,52","12,00","64,19","11,00","94,97"
11c125c38f606f32e366b7e11be746361364596545_full.jpeg,59,"94,00","73,17","111,00","72,96","79,00","67,41"
11d01819ab5ca0f94ebdbc1f82f345181525472777_full.jpeg,60,"253,00","53,61","6,00","66,00","21,00","96,02"
127eca8cda95be215f1c562562f72d5d1546269591_full.jpeg,61,"63,00","63,58","60,00","49,54","34,00","25,57"
129170106f436c0b3858d5c29f4edffd1411664675_full.jpeg,62,"193,00","54,18","49,00","56,47","27,00","59,45"
12c4005cf97b95e149e841d1a3a6bbe11490302419_full.jpeg,63,"135,00","64,38","121,00","83,08","152,00","68,57"
137dacec22706566786f389c169e7c631357592135_full.jpeg,64,"171,00","58,64","115,00","60,99","132,00","53,90"
138123a3f2f99a62701bf79a7b2e17f41411849923_full.jpeg,65,"227,00","65,45","176,00","71,21","150,00","63,61"
13b484b48acc14537703fbc505b087121558560482_full.jpeg,66,"139,00","73,93","112,00","55,60","15,00","54,70"
1404ad50bf681b51f11b7e0f98021d0e1491959166_full.jpeg,67,"129,00","65,44","100,00","49,05","27,00","27,61"
144827cf0ad5a2cc84abbc9072da97fc1420319530_full.jpeg,68,"164,00","68,79","80,00","59,58","154,00","76,49"
14b8893e3a46ba0bc9038150be10b4da1396550597_full.jpeg,69,"133,00","77,30","91,00","56,66","122,00","97,87"
153485f765efc8131b7ddc924538d0bd1459362513_full.jpeg,70,"145,00","85,56","190,00","82,53","23,00","71,72"
1573d084547185548e5be03c8f2f6d791539039376_full.jpeg,71,"146,00","72,09","108,00","78,33","144,00","61,56"
157baf2d561a600b0581c07d8d509e281342037824_full.jpeg,72,"189,00","54,16","100,00","56,52","42,00","76,80"
159148a04cab24048b85b32b100adcca1527268997_full.jpeg,73,"223,00","89,77","90,00","83,29","99,00","77,28"
15a59c8efa8ea6cccb53fff530c2f1921548272848_full.jpeg,74,"157,00","75,09","116,00","78,96","42,00","76,62"
164d97b9af160c45490fc037e89ef38f1412274357_full.jpeg,75,"244,00","62,23","64,00","53,04","138,00","58,75"
166ebe54def566fb69d7eab8ec15f46c1530981011_full.jpeg,76,"185,00","57,20","61,00","41,84","177,00","78,59"
16750be6cfc1cc06cc32869861f49af11541633068_full.jpeg,77,"172,00","72,44","90,00","63,99","38,00","62,94"
1695b24f123889418228be89e00b9a0d1570828158_full.jpeg,78,"176,00","80,82","123,00","57,16","197,00","98,04"
16ab7fe3bf03bbd09f05321509cf5ac21515190148_full.jpeg,79,"213,00","60,18","45,00","39,17","143,00","73,64"
16ae1f4a4998fe83f4917e23973407261531115539_full.jpeg,80,"160,00","61,04","60,00","45,98","143,00","90,70"
1702d67dd756f8a3ddee79c4c61946851406669771_full.jpeg,81,"240,00","63,10","43,00","64,36","127,00","109,10"
174d1540600069f792a2e25f43ae40c31491556645_full.jpeg,82,"214,00","54,73","45,00","55,50","32,00","83,02"
1814a749cb1e3d4aaac27a7c4fbeab8c1525386214_full.jpeg,83,"176,00","60,49","62,00","35,55","165,00","84,16"
19fceef2ff8dc2899fecfa36bd741a341498718299_full.jpeg,84,"89,00","90,83","19,00","61,56","19,00","75,25"
1a25b31dd88fef36446a90a2ae0534991507464677_full.jpeg,85,"209,00","56,43","56,00","52,86","24,00","87,81"
1a39d39cbe3346cce5e44577cbb895041579741401_full.jpeg,86,"152,00","87,29","188,00","78,46","32,00","96,42"
1a5cf74930e3f840d1e4722a243ba2c61452284006_full.jpeg,87,"232,00","43,18","32,00","24,65","21,00","49,26"
1a9923d20f3cd042580756c0a34230d71388779565_full.jpeg,88,"253,00","53,15","6,00","48,18","16,00","75,67"
1a9c1ea4f9b84085b9f093cd9152e0681541054909_full.jpeg,89,"209,00","68,95","29,00","42,63","198,00","94,15"
1ac5964acca6075b83c1dd8329ce76661523323666_full.jpeg,90,"194,00","77,56","59,00","77,39","142,00","68,99"
1b7b13d547ab551edd381dd21e52c5c31372367873_full.jpeg,91,"241,00","72,32","0,00","37,99","0,00","68,90"
1b8bbdf3fa604e61cbf760cd93a6ab901570139985_full.jpeg,92,"198,00","66,06","102,00","72,81","166,00","72,67"
1c1df98707aa0f22aa54342af725e48a1491245343_full.jpeg,93,"233,00","54,07","49,00","52,19","21,00","51,74"
1c9c7733c6a4ec31ff258e1ab1fef4fe1428119941_full.jpeg,94,"230,00","54,24","48,00","53,43","36,00","83,10"
1cf733245a0723e1cf7a6bcb8b0ce28e1547994851_full.jpeg,95,"255,00","73,98","0,00","58,68","0,00","42,54"
1d18f6818959fd8a3c0869919572a0ad1459475805_full.jpeg,96,"137,00","58,76","114,00","49,81","18,00","59,69"
1e7e10cffc04a46c30c53486cc6f070c1377824102_full.jpeg,97,"95,00","94,83","127,00","102,55","36,00","75,38"
1ee8628337834531f6427a97248129871420484061_full.jpeg,98,"123,00","77,08","128,00","49,14","138,00","20,65"
1ef4549fcc8dac99124c88762dbc8fa61341866033_full.jpeg,99,"234,00","54,19","77,00","47,54","123,00","62,50"
1f17c05c28b5aa27bd9a02f6a6d3dda01412914245_full.jpeg,100,"252,00","58,80","45,00","63,20","154,00","104,88"
1f6073f87653b5f5bde8e2979902442c1533259324_full.jpeg,101,"124,00","70,09","212,00","73,93","148,00","40,70"
2060658bab4ef5c071ae76b619004a941581632821_full.jpeg,102,"208,00","78,81","138,00","75,68","231,00","80,32"
20c0f597a7017bd01c64711f49cac3e31333478264_full.jpeg,103,"255,00","45,23","9,00","36,09","146,00","48,79"
2105c476cc451b036d920050ce59a2f11515106124_full.jpeg,104,"236,00","76,05","41,00","64,02","42,00","95,93"
212f23abd84789d53c987a004a06803b1570171168_full.jpeg,105,"189,00","59,49","80,00","52,71","49,00","83,27"
215e97cf8b80fdb418aa951d66115b831475395441_full.jpeg,106,"245,00","59,41","23,00","71,69","29,00","77,95"
22034f45c0f40a0a1788fae815711a331475267038_full.jpeg,107,"117,00","90,16","115,00","86,42","32,00","93,02"
23298af0a3c30f54877fcabaaeaf06481396999865_full.jpeg,108,"117,00","84,62","58,00","48,32","98,00","76,24"
234634f92d5388850e4b9328bc90b7541483654581_full.jpeg,109,"255,00","73,20","0,00","38,19","0,00","59,27"
23ef786bfb7b4666c9b94c57f830a59c1467752978_full.jpeg,110,"224,00","64,72","86,00","46,89","37,00","90,68"
24084a3df51788e818096663b8cb8e751491247311_full.jpeg,111,"41,00","61,97","110,00","75,13","178,00","74,85"
24269b54d7f7d67f03c99fdd8c405ddd1522538962_full.jpeg,112,"127,00","58,50","100,00","56,01","128,00","59,67"
2436bb3a69b352f936a1ee35352382851356120260_full.jpeg,113,"176,00","72,40","81,00","63,92","130,00","103,31"
24452933dd3f9282b32e49f0ce5fdc5b1546985597_full.jpeg,114,"253,00","71,90","249,00","97,65","130,00","46,44"
25627becf63b169d19af7efee6122e791555537428_full.jpeg,115,"178,00","70,62","129,00","68,02","18,00","67,76"
25ba2aca3f0251bc87190119a1c4c37e1543534531_full.jpeg,116,"228,00","62,73","69,00","53,22","165,00","84,39"
26b65bd12651ad9588731727fae840fc1515112511_full.jpeg,117,"253,00","63,07","11,00","70,83","17,00","104,48"
2744897b39bed49f06fce0ccddd76ab61577931713_full.jpeg,118,"192,00","69,78","59,00","43,83","127,00","74,00"
27a0fa24ce5ac917e489cc5f5284ea911561665891_full.jpeg,119,"167,00","75,87","141,00","76,12","79,00","99,18"
27bef5a4d1d0832d5a57d61edb37dcc21562025344_full.jpeg,120,"252,00","61,71","3,00","63,83","17,00","81,93"
27cc90a73f5954ddcaed89713b3949e21499190589_full.jpeg,121,"251,00","56,34","7,00","56,22","14,00","80,49"
27ee54e7e9ec05447cc2d971c99fbe9b1562751577_full.jpeg,122,"185,00","58,93","80,00","53,07","63,00","84,13"
280373cfd5d6c270ca614b21b883362c1507939705_full.jpeg,123,"189,00","77,43","35,00","47,58","42,00","56,93"
28d0474e5cb2b17fbd4f9764b65e19b61549060465_full.jpeg,124,"255,00","44,64","6,00","60,41","11,00","92,35"
290e141abdcdc83bde29f8e700ebbd051496110322_full.jpeg,125,"185,00","71,42","212,00","44,89","159,00","16,11"
294147950163234facd7bde3366d142b1412462203_full.jpeg,126,"231,00","53,99","63,00","79,93","31,00","90,14"
294fd51bc99b780e6209896e3953d0a11547656234_full.jpeg,127,"244,00","59,25","85,00","57,28","145,00","66,40"
29b2e42e3615db7dd8286cebc6b57d071539992405_full.jpeg,128,"204,00","34,17","128,00","53,72","158,00","39,52"
2a560a83c5ba6eefb87200bc4a03ddad1467930221_full.jpeg,129,"238,00","81,89","23,00","55,00","18,00","79,70"
2b2b1b0007f5de0264317a9afcb6ddba1522955283_full.jpeg,130,"163,00","76,90","70,00","68,98","122,00","79,78"
2bc4f717a5823c891535dfffe7a9b6111542152513_full.jpeg,131,"160,00","83,36","115,00","66,55","23,00","76,70"
2cc24f87a93c27a35cf3da7604503ab11578698885_full.jpeg,132,"182,00","60,46","59,00","49,16","36,00","80,62"
2d1559bc96e45c0205462bdc86539e951475834693_full.jpeg,133,"158,00","62,38","78,00","68,04","100,00","94,69"
2d4b44b152d165887221110745fba3601443819850_full.jpeg,134,"94,00","108,63","3,00","44,43","20,00","78,82"
2d83bbacc620c50d247bf32535c6c4321549092677_full.jpeg,135,"229,00","71,96","99,00","89,90","39,00","75,48"
2dea28d9e1164f3dc918df0bff7c4cd41507268536_full.jpeg,136,"171,00","72,53","70,00","44,83","114,00","49,15"
2e0676fb1eebf156fe96ffb29b1681891543532662_full.jpeg,137,"255,00","66,68","0,00","45,37","0,00","82,09"
2ee05df6e44530437069955b71f09daf1317839234_full.jpeg,138,"183,00","66,76","215,00","75,98","19,00","84,12"
2f6f8d6a27624f41d071cb5063f9a4d61530947104_full.jpeg,139,"118,00","77,40","73,00","79,71","159,00","69,17"
2f7c66b2ae8919bb8475e5e6429600b01531117155_full.jpeg,140,"43,00","72,97","54,00","46,80","28,00","26,86"
30228eb742c57e08dfcba437b0c528681484151699_full.jpeg,141,"180,00","67,82","87,00","43,97","127,00","63,85"
3025f2a7a0017b257753a208b55068481514330222_full.jpeg,142,"60,00","82,02","35,00","86,82","19,00","83,93"
30b59b197a01a614e7e55b1886c2d3ef1410486118_full.jpeg,143,"228,00","54,58","67,00","60,37","36,00","81,63"
30eb07003c901066a9db027399c77ad41420598162_full.jpeg,144,"209,00","61,44","58,00","36,71","151,00","50,24"
316cad91725ebe89703b8306e95e9d941564075240_full.jpeg,145,"117,00","65,18","87,00","69,45","145,00","84,81"
318890c82641999a0b2459972413e5e11404161454_full.jpeg,146,"182,00","80,09","141,00","96,49","134,00","91,68"
31aafa34659589dd21c1935fa5b9e8d31547162167_full.jpeg,147,"226,00","91,12","15,00","65,83","39,00","75,64"
31da37d7c4bd05f26a7a725c8644ddd01563476725_full.jpeg,148,"40,00","52,13","250,00","67,66","4,00","107,65"
322ad2bbe085d7ad53beea371af5e76f1515179616_full.jpeg,149,"137,00","69,07","117,00","47,15","27,00","45,86"
32364c0341343859046ed51f004216b41428009679_full.jpeg,150,"237,00","42,43","132,00","68,37","33,00","80,45"
326cfb405a1f3285b92172ba39dacecd1373051662_full.jpeg,151,"147,00","63,85","42,00","44,54","42,00","66,24"
32f76b87f950d9fcfec4bc302fa11e3b1436040024_full.jpeg,152,"210,00","65,23","114,00","59,27","74,00","49,37"
33323d54b18748b5b792e686825089861512004169_full.jpeg,153,"101,00","78,85","100,00","55,44","190,00","95,64"
3361a8826a8a95ec98e320b64962b3541505347682_full.jpeg,154,"174,00","71,79","119,00","77,50","140,00","96,56"
337c0c4ddbc360b2dd4edc3b826189af1432160529_full.jpeg,155,"215,00","76,22","52,00","86,37","23,00","93,38"
33c2be96128afbceefb25c670737ffa51388692549_full.jpeg,156,"179,00","78,66","92,00","69,28","38,00","85,67"
343fbff5bc29e9d0ef8fe736befe4f4d1412188972_full.jpeg,157,"243,00","61,40","16,00","68,96","29,00","97,05"
34ac3d28db872f8af260b8406fdd93e01531500445_full.jpeg,158,"45,00","74,91","161,00","89,39","164,00","96,55"
34b2a084e1614589fed31043179c99d11562799706_full.jpeg,159,"187,00","75,98","80,00","77,21","139,00","79,96"
354ef4bb0e96d5a811bf746ab39e3aaf1569888917_full.jpeg,160,"243,00","37,30","53,00","44,72","51,00","75,81"
35d1a1a60cd292c5ad2a9f4780713e9a1396987481_full.jpeg,161,"225,00","57,21","64,00","47,79","48,00","85,59"
361c7be62685d032771ebde63c53f2381483178237_full.jpeg,162,"241,00","49,12","62,00","50,28","161,00","99,82"
36977e781ac4b09317621b8b4984b6431357336262_full.jpeg,163,"224,00","39,48","32,00","76,86","160,00","65,86"
3711c8d7170680a6f6fa3503b2ca7da31572467477_full.jpeg,164,"223,00","57,97","42,00","34,01","106,00","90,95"
3727644b109279e2cb405ac89b0f293f1452549294_full.jpeg,165,"51,00","69,73","77,00","40,02","28,00","95,00"
3780ca878ee756a73dfeba8b63b0aa761444072040_full.jpeg,166,"245,00","50,98","27,00","53,73","26,00","101,65"
37a8a4811f78c5a5c94b56b895bd70961499088159_full.jpeg,167,"188,00","83,57","27,00","53,32","160,00","93,86"
3836ce9289d1e8bf10f58e6292591f0e1428604683_full.jpeg,168,"158,00","77,08","137,00","70,00","40,00","64,06"
38529679dfcb6e71142fd496087a7cfe1532553227_full.jpeg,169,"251,00","54,79","77,00","73,38","143,00","65,22"
38bb57dd62113be9d617e3444caa27d51388427345_full.jpeg,170,"224,00","51,84","16,00","28,13","28,00","67,48"
397a5870401ef5d8ed6a7bf0e0fa804d1554507432_full.jpeg,171,"207,00","69,69","55,00","63,96","135,00","72,70"
398d07a0291f250929c2d37c278e85d61474071146_full.jpeg,172,"225,00","69,80","218,00","92,71","37,00","77,21"
3999468c85d84fec48ef4e9285126cdc1435357508_full.jpeg,173,"23,00","63,32","75,00","72,07","143,00","77,16"
3b08a3f3cc633034743b596e2727c1461515166825_full.jpeg,174,"238,00","56,82","54,00","77,62","49,00","81,66"
3b5a18f23a00698f257efc1bba0666581452562889_full.jpeg,175,"225,00","57,67","64,00","75,39","146,00","74,55"
3b63ca8429c5bed4b645000eab5208921515627980_full.jpeg,176,"156,00","75,89","59,00","52,14","144,00","59,33"
3b7183aa0e0b39430cd4f294ab4a9f231327959666_full.jpeg,177,"243,00","56,78","15,00","48,03","23,00","58,67"
3b86bbf3ad40f36f86df634e138837ca1484112439_full.jpeg,178,"245,00","57,35","77,00","69,92","141,00","66,84"
3bbbf0e26ea56bf53b1f7158f2011d0a1561489064_full.jpeg,179,"127,00","62,15","90,00","65,23","34,00","42,90"
3c1de9ef7345de025c51ba20cfee30341542241298_full.jpeg,180,"136,00","74,59","78,00","63,83","120,00","68,16"
3c7c9222cfa33e21bdcae187bdd007591521854044_full.jpeg,181,"255,00","28,38","0,00","49,32","0,00","87,25"
3cc2a02548c242c19f668d88aa72a1ac1341524886_full.jpeg,182,"200,00","79,29","121,00","43,54","23,00","45,37"
3cc855b30696ef70482ccf0ed345e1921388181894_full.jpeg,183,"36,00","44,18","54,00","29,77","49,00","18,81"
3cffc4ef77330bb05354beb356c84a551535668546_full.jpeg,184,"238,00","55,50","158,00","69,05","32,00","55,74"
3dd26515eb0b0fd2179a1a52237fc4281546554670_full.jpeg,185,"37,00","53,15","114,00","45,02","131,00","30,36"
3df5cccdd49f9766b9333a3e2cbd2fd11420502310_full.jpeg,186,"149,00","77,81","76,00","72,19","42,00","85,34"
3e46bafb84d9c83349affa2d93c5a5fa1491107244_full.jpeg,187,"42,00","35,60","43,00","65,81","154,00","92,10"
3e476e829acba51349b6ac7f3ae379c71538080659_full.jpeg,188,"241,00","64,04","4,00","52,57","17,00","82,42"
3f44a6efc0ab35d49cfa1a9344f7f8841499831762_full.jpeg,189,"159,00","81,96","41,00","72,85","198,00","81,28"
3f825fe329ff491605d9a9f5cb0fdb021540009872_full.jpeg,190,"208,00","66,13","64,00","45,00","81,00","62,85"
3fa25448454d0bad417932c968ab08dd1372814041_full.jpeg,191,"97,00","70,38","150,00","85,09","27,00","89,44"
3fa3b50e7dc9d580b5b6aa5da6bba6541428433138_full.jpeg,192,"193,00","87,07","31,00","82,59","70,00","102,98"
40186beb1b031d2ab401520bf14050c31539076280_full.jpeg,193,"246,00","65,31","16,00","55,23","28,00","80,08"
405295b1714f7167db84da5b56c3b0cf1491293698_full.jpeg,194,"243,00","68,63","59,00","46,06","45,00","92,25"
4052cb0ee15e76c3795319b0a08c1ecb1467466859_full.jpeg,195,"179,00","54,92","22,00","48,93","110,00","66,23"
405ad2439456273932d84a3227a8ce341435186406_full.jpeg,196,"213,00","75,13","111,00","63,62","146,00","71,85"
40c1b21442b151f2ab2cecda1c5467531388785705_full.jpeg,197,"218,00","79,15","50,00","61,26","159,00","95,05"
40cbda40ed7e21ac93a1923bfd7969d11396890296_full.jpeg,198,"250,00","57,26","27,00","43,20","145,00","71,54"
40e69e936b635582fcc06d2d7c511f521341873931_full.jpeg,199,"214,00","61,87","57,00","69,05","150,00","89,72"
40e6c04e05ce1efb08815b870a6d39331412797514_full.jpeg,200,"242,00","42,79","49,00","41,35","125,00","55,49"
40f83e47cfbbf2fc2ce9ff08208d9a361468015307_full.jpeg,201,"218,00","78,39","34,00","70,78","150,00","88,49"
413329a7fe4baf3e48eec89117881f611436317729_full.jpeg,202,"127,00","53,37","20,00","33,01","142,00","50,00"
41b73fd37f07c16d00e5f95fe65fd6d01507070357_full.jpeg,203,"215,00","76,24","103,00","58,81","153,00","72,21"
41beaabd6f91ddf47a04c43f7a84c0a71500717872_full.jpeg,204,"133,00","80,70","183,00","69,67","36,00","85,37"
42017879b93b14e55c938393058431871333385644_full.jpeg,205,"203,00","65,17","118,00","65,02","87,00","83,91"
4249b435053995a513fdfb4a770964c31452039373_full.jpeg,206,"161,00","73,33","48,00","57,14","56,00","77,72"
427663c5467a47bba8920b42b0d914601421362319_full.jpeg,207,"68,00","98,49","85,00","65,91","15,00","70,57"
429e4c9bb85bdba663ec945ee2bec6631460330376_full.jpeg,208,"251,00","46,59","76,00","51,57","32,00","88,56"
43486abc7a18d2a5fecf945da9b261ba1546549082_full.jpeg,209,"117,00","76,48","55,00","41,62","116,00","64,88"
43ea3545f4cd269d77ab1459b32c23921493158315_full.jpeg,210,"79,00","68,05","51,00","41,51","152,00","66,72"
440fe475df96e973666eedd65bf167be1550299422_full.jpeg,211,"119,00","65,61","83,00","67,05","150,00","54,16"
4462386a1d99869f81bcc2cf3effc7671375831867_full.jpeg,212,"225,00","60,31","102,00","59,63","181,00","108,46"
446694d176bb4a7ddd7299d177d9d10b1487188471_full.jpeg,213,"185,00","69,92","122,00","67,02","28,00","61,05"
44d2c5d1bc5fa8b121c71f1742707fc41356119053_full.jpeg,214,"254,00","64,27","20,00","64,04","12,00","99,66"
4556559011834ead5f19ca1a965c11631547077322_full.jpeg,215,"242,00","44,11","63,00","84,22","89,00","79,18"
458efa8da0fc57b809b9e45eddaf9c561564607491_full.jpeg,216,"151,00","67,69","82,00","71,21","156,00","61,39"
464752389742141621c5d8e4f84323cc1444425970_full.jpeg,217,"221,00","53,29","124,00","80,59","140,00","75,51"
46c54f7172c40ab99aa63c9200427a891580335831_full.jpeg,218,"240,00","75,33","58,00","44,13","25,00","79,29"
47302e9f9128349dfecb0190e8e13a8f1412101098_full.jpeg,219,"242,00","54,35","28,00","34,17","67,00","76,31"
47362ca7ea9b03c780103068bb30864b1490213743_full.jpeg,220,"180,00","69,97","66,00","77,92","135,00","56,75"
4763b56428b5ae91c05c10e31d70dcbe1562442391_full.jpeg,221,"251,00","31,01","71,00","65,21","149,00","77,48"
47eec6706ac29b64be06a0f52e36e24a1553641062_full.jpeg,222,"154,00","64,74","58,00","48,62","159,00","57,22"
48091c328bcf5be14d5153efedc783af1365015656_full.jpeg,223,"245,00","55,92","2,00","59,44","2,00","71,85"
486f88e5889422c72ab7b12a58f794721554828665_full.jpeg,224,"212,00","74,75","143,00","92,43","79,00","97,46"
48bc0191fecef518619afec551c714cc1421102011_full.jpeg,225,"211,00","60,87","101,00","68,15","152,00","70,86"
48e295d4460096cb1b92df033cf4cdaa1483867952_full.jpeg,226,"218,00","45,28","83,00","50,11","75,00","72,29"
49060cb7e02dd3d338273d2530e4888f1404663731_full.jpeg,227,"226,00","71,55","46,00","60,79","37,00","78,72"
4965b04951dbfd0e351b98ea363e32f61554598886_full.jpeg,228,"202,00","58,54","86,00","66,51","132,00","66,57"
498366622af749f7bec1975e0e78010b1451956959_full.jpeg,229,"196,00","61,74","91,00","60,41","152,00","61,91"
4992de79b0059d44964ce68810f67e361475922993_full.jpeg,230,"236,00","58,78","53,00","46,68","99,00","62,90"
4ad64d902f920bef0d30d6d4496760b21428175588_full.jpeg,231,"227,00","81,00","71,00","57,82","22,00","89,62"
4af1352dfef762a7f4ab95fd2263a83b1388891357_full.jpeg,232,"176,00","79,62","45,00","57,73","127,00","75,46"
4bcfa1957b6785289d711849033f01b71449288307_full.jpeg,233,"136,00","80,33","92,00","80,51","113,00","82,52"
4cb9b51875f9efe28e0dcb8e079ddcdf1396717879_full.jpeg,234,"165,00","86,44","140,00","71,50","151,00","44,42"
4cbfb16883364fb72ec70c3dbdea3ea21357307636_full.jpeg,235,"49,00","70,70","67,00","49,92","184,00","66,85"
4d785b710da19b4df4366eb36402dff61475673477_full.jpeg,236,"234,00","49,37","23,00","27,40","12,00","77,95"
4d7ef0fc83cac6a46acfe97cee9e5f241427844057_full.jpeg,237,"184,00","42,84","121,00","51,24","28,00","31,82"
4ddd361075bae466b10cd706f73e0f451554625735_full.jpeg,238,"56,00","58,91","45,00","32,33","70,00","64,58"
4e653adda1d5c4622bd496dc10cacf211451958742_full.jpeg,239,"188,00","96,98","3,00","45,20","29,00","69,21"
4ea073a64ebabedc9a2d2d690659c8c01579337678_full.jpeg,240,"209,00","74,59","45,00","51,02","139,00","66,07"
4f1d962e1762d4009536245ba8ff21311324617556_full.jpeg,241,"208,00","68,23","71,00","63,23","142,00","88,81"
4f788a99f291cb250e52b9da609374d01493158729_full.jpeg,242,"229,00","58,43","95,00","73,84","24,00","80,20"
4fe71ff4ce4cf1b0d13b814d42ba51bc1404629753_full.jpeg,243,"70,00","60,75","140,00","64,88","230,00","99,11"
50aad1dab4778d9fce6a2addaa29b3e61564101857_full.jpeg,244,"164,00","78,01","124,00","74,18","44,00","78,20"
512c22f19bb057d6d0212244a7f23b731443967985_full.jpeg,245,"199,00","74,29","23,00","29,49","109,00","75,55"
5142ab9ed5dd56153b731de52021ac5b1379547918_full.jpeg,246,"129,00","64,81","98,00","74,58","144,00","77,17"
51b217ddf76813f060494aaf2348bc6e1499675866_full.jpeg,247,"156,00","58,13","36,00","63,22","28,00","96,61"
51e9283b8ebb3d798076c1860a561e9f1562249422_full.jpeg,248,"225,00","72,88","54,00","45,77","26,00","84,92"
52af57c1f5f6696931d1b630746c9c631537578221_full.jpeg,249,"165,00","59,12","119,00","55,59","146,00","35,85"
52cb20fa5744fe54cbada3156d94ef891476841305_full.jpeg,250,"213,00","46,86","57,00","64,72","49,00","77,23"
52edb7a843abacb4ff0f642c8eda14401325114125_full.jpeg,251,"139,00","84,82","91,00","93,57","142,00","95,57"
532b88c174fa1767dca7f598e6873aca1483701646_full.jpeg,252,"227,00","58,23","130,00","76,76","160,00","82,99"
533750c9078ac64f7606abdbb5e62a5e1444872589_full.jpeg,253,"230,00","65,56","95,00","67,92","170,00","91,72"
535ac1b5cd5c1f1072739e1863a6f1171449534391_full.jpeg,254,"230,00","70,76","46,00","80,90","125,00","60,97"
53b073cb3b5876204ee79af4f6c451ee1349212607_full.jpeg,255,"197,00","77,87","85,00","73,14","21,00","58,91"
53cad05568080e3cb31eb079173066fb1558734837_full.jpeg,256,"204,00","25,81","93,00","29,26","125,00","31,37"
54255df186d579c2dfff7c25db0c49da1516840634_full.jpeg,257,"146,00","63,82","52,00","48,45","42,00","78,31"
54c15675670ba44c1f98c3e11ba0cddf1515030877_full.jpeg,258,"190,00","61,44","101,00","59,59","142,00","68,89"
54f3322782c3fc6232d73494e9e187311396726961_full.jpeg,259,"29,00","76,90","5,00","80,94","5,00","66,13"
54fe99a9855144e99dd135864a3ccae21428339406_full.jpeg,260,"231,00","49,72","104,00","74,36","38,00","81,47"
5517e03413168381261af82e78643b681459548646_full.jpeg,261,"97,00","82,41","11,00","50,94","18,00","58,47"
55215a441ad7aa6e1f1d1c95062f25831436469807_full.jpeg,262,"218,00","74,25","20,00","56,25","60,00","66,96"
553a345224ffe6e92bbf9ed5f8299c001483469435_full.jpeg,263,"254,00","57,99","39,00","33,13","28,00","106,34"
5593023cde14f81a84ae8e8ca6964a051523145238_full.jpeg,264,"233,00","73,57","30,00","32,97","29,00","52,15"
55ba27bee6e6e81cc5165c7f99a5858e1578587860_full.jpeg,265,"212,00","49,50","99,00","56,71","42,00","70,26"
5644080ee95b223b3f2a7f61ed0d2ba51460281973_full.jpeg,266,"24,00","101,66","0,00","86,22","0,00","76,18"
5745da9aaad18fab91e319a83755f97d1397076060_full.jpeg,267,"44,00","82,56","27,00","65,78","15,00","84,44"
574add456582b87294130b10e2f1f72a1499433991_full.jpeg,268,"64,00","76,80","52,00","103,62","39,00","98,62"
58d0209abe21f11da0fa61f13b49c04b1401840035_full.jpeg,269,"90,00","73,70","155,00","60,69","160,00","53,06"
5960f418c00c5cdc1b21989f4eb9034a1404699660_full.jpeg,270,"254,00","59,01","32,00","49,00","142,00","86,81"
5a4525c6fc5508fa27f0ed229ad2cbde1396985147_full.jpeg,271,"230,00","74,06","102,00","77,46","204,00","78,42"
5a459acf31a0be6fffb6207af1a9ca611532022569_full.jpeg,272,"164,00","74,84","122,00","69,04","133,00","55,84"
5ac5fff410cb66c57ce0d2ea2617d08d1515076527_full.jpeg,273,"185,00","57,97","82,00","40,98","172,00","96,18"
5ad4fb6b4438a0d14d574601c2de66db1530554672_full.jpeg,274,"215,00","57,66","31,00","56,57","94,00","68,09"
5b05d3b35d57f3ee1e676b2b1c2561941459523366_full.jpeg,275,"241,00","69,28","9,00","83,92","34,00","102,36"
5bdb23c4a980f0a3afbf3f3c749e74fa1372871011_full.jpeg,276,"202,00","51,84","107,00","85,36","147,00","72,25"
5c5e67e3b740b7d609bdcf1dc13247801472856372_full.jpeg,277,"216,00","36,21","255,00","66,34","0,00","115,37"
5c7e176aa972d2d41f0378a86cd9c1131475923572_full.jpeg,278,"217,00","44,28","79,00","33,94","29,00","19,79"
5cac94f398c59ca3582fd5c8a75baed71530854171_full.jpeg,279,"244,00","58,78","22,00","49,76","143,00","107,12"
5d15b54851219a0146da0f60259c9a411405544841_full.jpeg,280,"216,00","43,88","227,00","97,36","254,00","114,80"
5d50aa025d0e1b17999ea760a3c7d9401428519808_full.jpeg,281,"220,00","50,27","76,00","37,41","148,00","98,21"
5d59d07333b214db3e482c5eb0feef391578958040_full.jpeg,282,"240,00","45,32","37,00","39,37","191,00","69,73"
5da6a1f706dfc9243ccf0bea4a62ef471507941077_full.jpeg,283,"254,00","49,02","176,00","106,19","38,00","59,07"
5e0959a46056750b55a3da344f9800a21509568283_full.jpeg,284,"64,00","65,52","168,00","70,83","155,00","25,80"
5e2029d2c96cf5f92af034feec6e72c91573014688_full.jpeg,285,"170,00","73,83","85,00","59,91","158,00","90,03"
5e2d98db4c41c552f373441c7ab34de61483472913_full.jpeg,286,"254,00","48,94","3,00","33,74","8,00","97,32"
5e5a8d0f46487186e64687b046e0eb691357673527_full.jpeg,287,"204,00","62,90","121,00","65,78","66,00","77,78"
5e6137d212f3f7c80b51ecdfc480c6741484082868_full.jpeg,288,"236,00","38,23","59,00","70,80","106,00","65,95"
5eb3cfe7e591ae8e75576309adf309ef1372696861_full.jpeg,289,"152,00","73,46","166,00","66,90","220,00","96,39"
5ef67627d2ce3a15eb9aa365fd8319371475618063_full.jpeg,290,"198,00","62,17","64,00","63,33","136,00","40,76"
5f9d50bdd044a1579c4cd4abd27052741578512245_full.jpeg,291,"208,00","57,46","22,00","54,46","51,00","62,03"
5fb9c1054b6ecd601122f540a2caf5a91372922899_full.jpeg,292,"111,00","62,52","182,00","57,84","156,00","22,90"
602bc1d131fb53b93afc94c1f6a32dd91444072546_full.jpeg,293,"222,00","60,38","43,00","37,72","112,00","41,82"
60b559ca2c66389922db79106804fd901444168030_full.jpeg,294,"224,00","43,67","46,00","71,36","21,00","58,29"
612f38b507e628b6777b2ba9009b6df31425939473_full.jpeg,295,"176,00","95,82","211,00","99,23","16,00","55,21"
61849030ff063efbe3db1967e784cca81403722479_full.jpeg,296,"167,00","67,45","253,00","110,72","0,00","71,27"
6262971e7e23cb4e86728545c9b172f71444046558_full.jpeg,297,"207,00","55,45","127,00","79,02","3,00","67,67"
62efd37b4358eb2302a4f3c94bb85aa91530946368_full.jpeg,298,"216,00","58,62","37,00","48,51","31,00","68,33"
630663a7141eab297e4e4f91daf2345b1339706264_full.jpeg,299,"82,00","86,20","145,00","91,04","29,00","84,81"
642b043fc0e0fecd7f301ce0725bc0971483178985_full.jpeg,300,"219,00","56,12","34,00","37,17","196,00","95,17"
64e590d9c0027bdfdec7f2d8b80c264a1485143598_full.jpeg,301,"240,00","65,17","26,00","77,23","127,00","92,45"
64f33fa4db13a8bd798f87ea90bc187e1555304044_full.jpeg,302,"189,00","49,74","138,00","47,76","187,00","37,01"
656934f99424fbd310f768a90a742f611529094876_full.jpeg,303,"50,00","85,26","41,00","60,56","143,00","72,59"
659fdc090d5d00fccc3e7662647192f81481323284_full.jpeg,304,"115,00","91,29","141,00","80,06","24,00","59,71"
65bf061d56748adb0057e96f3b6221ac1397156105_full.jpeg,305,"255,00","61,86","0,00","52,47","0,00","68,69"
660c6764c4cad0ee1c344a2dc2190a031514329409_full.jpeg,306,"239,00","53,89","127,00","86,60","37,00","60,28"
661555d55d71750ccb387d03b9ddb2431569527335_full.jpeg,307,"190,00","69,39","157,00","65,78","151,00","62,69"
662724f113230f788e456adae05138a11561507530_full.jpeg,308,"58,00","71,56","106,00","67,37","163,00","63,42"
6719f63d550023c2577febfa877149fa1483983450_full.jpeg,309,"196,00","66,12","75,00","57,64","93,00","85,35"
678a58d26a711c162379022cf8636d071357755177_full.jpeg,310,"173,00","78,61","85,00","66,81","154,00","79,55"
67ecad5f9799853799674052d4e96fb51580256214_full.jpeg,311,"233,00","94,85","86,00","59,72","161,00","93,28"
684ad6c99f577b7b5787182336683e531333392267_full.jpeg,312,"225,00","48,22","28,00","62,02","53,00","63,57"
6853acee89086eaf46dfc47b69a225801396566265_full.jpeg,313,"221,00","60,71","87,00","63,89","70,00","69,02"
68af8ecae409291f8d6278a82cbf9b491499909337_full.jpeg,314,"222,00","48,24","74,00","37,32","96,00","74,20"
68ce9afef020943e33944a0a75e571c91331943843_full.jpeg,315,"1,00","80,63","0,00","87,08","0,00","75,50"
691011d134b441ab95ca1bc0ac85095e1493152833_full.jpeg,316,"194,00","72,85","69,00","73,85","155,00","62,76"
69265eb93a25ab7d8a9180eb18be87f91301520977_full.jpeg,317,"209,00","68,82","50,00","57,92","145,00","77,53"
695cf883638f4953935df60d641457bb1493158401_full.jpeg,318,"204,00","72,74","52,00","74,00","29,00","93,41"
698978eb7949bd7ff17fc24bc5507ed01517265381_full.jpeg,319,"179,00","73,35","89,00","70,44","148,00","75,08"
69d6d92c68c58654465f62c1c903d9911505343039_full.jpeg,320,"174,00","103,33","126,00","73,27","23,00","72,68"
6a0ef6f3c75c62e2c844981db222437b1420159283_full.jpeg,321,"163,00","70,78","38,00","55,84","140,00","83,98"
6a63d28dc4193210a69c83f1fca67bf21325886769_full.jpeg,322,"71,00","74,31","121,00","59,49","172,00","106,32"
6a9b9b6ea239be382481eda83c354c761483176773_full.jpeg,323,"214,00","64,62","85,00","74,83","159,00","43,23"
6ac75ffc09bdc81c6df78697793026191554851245_full.jpeg,324,"213,00","49,71","61,00","64,06","120,00","67,65"
6b8890ab6b1b43a1d537499b803366c21454957227_full.jpeg,325,"186,00","70,52","119,00","71,45","155,00","50,96"
6c109728160434e952a2e4ddfec1844c1531041569_full.jpeg,326,"233,00","35,30","27,00","44,68","49,00","54,02"
6d273aaff9098958aa5394c5c1cb99d71530574338_full.jpeg,327,"146,00","72,49","89,00","60,73","145,00","94,71"
6d28a93bd474e377db459f05021f25ff1507942227_full.jpeg,328,"206,00","59,38","49,00","44,72","22,00","76,42"
6de10ecb62b191e4ab2ef0927eec2db81483710188_full.jpeg,329,"224,00","57,31","35,00","47,92","70,00","66,19"
6ea612c247f3a195045afc2aa35f0d8e1380419061_full.jpeg,330,"206,00","63,66","60,00","57,61","148,00","77,54"
6f75a04362fadee1a5890e8d413d722b1477942259_full.jpeg,331,"212,00","61,85","73,00","58,09","148,00","70,87"
6faa30dc2ed522aa437390f96a9f64d21357328815_full.jpeg,332,"63,00","73,65","124,00","59,30","164,00","64,65"
6fc4e475a391d3f1293c123c650ce5571441402678_full.jpeg,333,"230,00","65,22","68,00","63,76","42,00","99,91"
6fd1a6719108981ae2d04125f0768b3d1491614015_full.jpeg,334,"231,00","60,35","94,00","60,36","149,00","69,38"
70000feb0ad22a93e5fddaf9bd94b5a61577809020_full.jpeg,335,"90,00","68,77","112,00","67,91","160,00","73,90"
702604e9981650c67e5d7e3d690d02661532995544_full.jpeg,336,"238,00","66,86","27,00","87,72","12,00","80,31"
705b9f0f907db89429525652c69076fa1377559416_full.jpeg,337,"241,00","45,58","41,00","54,82","24,00","76,90"
709f009f655cd4f3e45fe22d5f23b8231491460185_full.jpeg,338,"244,00","66,16","25,00","63,39","32,00","105,13"
712391b204434bd926acb402615254801469752554_full.jpeg,339,"222,00","60,55","113,00","52,79","140,00","59,73"
71db9b8dbcbd69284df73b4c1e6ef3df1460066070_full.jpeg,340,"170,00","56,66","60,00","42,06","36,00","38,99"
71eeb4b45b0ad12b409162322d4291771548973453_full.jpeg,341,"151,00","57,15","12,00","31,55","47,00","48,59"
71fdb236017dcba7006a08fa67bedff91365924507_full.jpeg,342,"252,00","60,06","13,00","57,49","23,00","68,24"
720eb9fead5c0174135695d853ec74821518570395_full.jpeg,343,"107,00","57,99","150,00","69,51","146,00","59,79"
72eef505e5a887ed969658ddbd7fbe781443658544_full.jpeg,344,"250,00","42,27","7,00","43,02","41,00","81,01"
73548d4b1a4fe23f3710fb85f240c5b01495098296_full.jpeg,345,"96,00","77,46","168,00","62,94","170,00","55,50"
73da2bc04fa3c225e8eea933982993a61475602593_full.jpeg,346,"78,00","63,40","35,00","43,12","60,00","38,05"
743b1abd76bc4fbe9b6df5427a0d08fb1459904360_full.jpeg,347,"174,00","72,35","77,00","61,61","145,00","63,40"
74c65447f9023cae095caa692569f80b1475652196_full.jpeg,348,"228,00","65,58","109,00","84,34","121,00","104,63"
7565f57c352ae7b1a8ef17738153309f1499455994_full.jpeg,349,"102,00","77,25","83,00","61,23","166,00","78,12"
759dd20c7d5ca3cc630e2d27e2a7f63e1333392499_full.jpeg,350,"241,00","82,18","68,00","70,50","27,00","77,24"
75a3c8db89390dadc97c555e48dfb7d41452561649_full.jpeg,351,"77,00","76,54","130,00","82,36","139,00","60,28"
75c8ff7a84bac94f275d2a1c0c8f05601522906376_full.jpeg,352,"57,00","90,83","63,00","89,49","10,00","97,65"
75d87960c388efc544be093603b8e9f01406669874_full.jpeg,353,"235,00","64,58","13,00","64,32","18,00","77,78"
76754ee3b0c6d5bc465631812b9569fc1404972910_full.jpeg,354,"249,00","63,55","173,00","80,68","204,00","101,67"
769a9f1493a19fa441bc156e5fac74d11467144284_full.jpeg,355,"207,00","73,15","68,00","64,33","129,00","72,50"
76e57a2442157baa96ef9ff4dfc3ac1b1570582010_full.jpeg,356,"254,00","36,67","60,00","75,95","120,00","75,90"
77c2f675aee836fbe79393b88c5771541531525457_full.jpeg,357,"221,00","62,96","28,00","55,51","131,00","83,64"
77cbe4a2108ff933e6bf1c03870c56ac1575329793_full.jpeg,358,"151,00","71,91","140,00","66,02","171,00","78,34"
78226a3af3a0c6cb83219f592e8f444e1459964362_full.jpeg,359,"178,00","59,57","120,00","62,86","176,00","88,79"
7826edecf94e1461041791278dab0fae1578958149_full.jpeg,360,"234,00","62,54","36,00","42,10","28,00","72,86"
78c95598d3ea3c1607c47ee25d5c04d71538904991_full.jpeg,361,"218,00","48,38","84,00","55,05","55,00","53,17"
7943e146610905c512671cf3dfc2a4371539039331_full.jpeg,362,"111,00","92,79","138,00","84,02","38,00","70,37"
797ea957308ea96dc188d24d11579fe41480964961_full.jpeg,363,"112,00","76,64","54,00","64,42","127,00","69,04"
797ee6f4f0b43b1a1f96aa380d8fce4d1373187155_full.jpeg,364,"228,00","64,81","150,00","67,64","137,00","47,22"
79f68cf5a484fd76a8541402219008bf1538685129_full.jpeg,365,"255,00","68,39","0,00","37,24","0,00","61,45"
7a36b97db217210884787b989c48b9eb1412362077_full.jpeg,366,"215,00","81,22","24,00","72,71","38,00","79,81"
7a9cceeb11bac434f192a5d3fec9002d1452527544_full.jpeg,367,"243,00","36,63","45,00","33,45","93,00","61,93"
7a9d78a444da351aee6949717b4d57a91522805191_full.jpeg,368,"253,00","44,28","23,00","53,46","18,00","90,51"
7aabc984a9c19707e7055e24eba593681452427810_full.jpeg,369,"140,00","71,80","69,00","43,46","25,00","86,40"
7b09fbb42da3d9fa613ec1d025cf41df1411687266_full.jpeg,370,"173,00","67,67","158,00","68,79","162,00","65,30"
7b0a1af7b3edf481daff9666590f96a41467608461_full.jpeg,371,"132,00","74,62","49,00","38,08","32,00","89,76"
7b30e330965dd4b3dfb464baa6116e571519666590_full.jpeg,372,"245,00","56,84","39,00","48,34","146,00","47,03"
7b4b3c9b76fcbaea76c050be3ca2d0701443566712_full.jpeg,373,"127,00","72,33","70,00","71,63","139,00","57,46"
7b6eb5d137311493e569d076ff803c781380754792_full.jpeg,374,"201,00","64,68","98,00","64,79","138,00","81,54"
7ba81b1709a87f5ca8930229b10029a61484092235_full.jpeg,375,"204,00","56,11","66,00","54,29","60,00","69,27"
7be2331224b533070ad5afb5e89c2d521498254688_full.jpeg,376,"232,00","56,95","81,00","53,41","141,00","76,40"
7c0c0cd3958894b2dafc740ba847e4f11279141777_full.jpeg,377,"237,00","54,84","42,00","47,38","53,00","97,34"
7c35ba5d8de703a64618f44ffb1a62ab1461893046_full.jpeg,378,"162,00","77,23","56,00","55,03","70,00","84,17"
7c3968d01a6c7aaff6e45346802f4b541507666216_full.jpeg,379,"247,00","53,55","87,00","76,69","29,00","60,31"
7c71e58f419c920cc6eb4bba744d283c1380932808_full.jpeg,380,"143,00","48,40","42,00","24,18","46,00","54,64"
7ca648e473ef2c1e56c82f95045384981375477217_full.jpeg,381,"237,00","54,10","55,00","50,92","124,00","77,32"
7cbdd404f0bb8827990eba58e22a1efa1405016116_full.jpeg,382,"101,00","71,13","87,00","71,66","152,00","84,89"
7cf782a4e1b370ca33b36b33560c65421492725920_full.jpeg,383,"110,00","81,20","76,00","51,26","84,00","94,52"
7d31dfaf49397a8cc1e490ccedea04e21422401583_full.jpeg,384,"104,00","57,74","85,00","65,60","155,00","56,78"
7da2ccb8ecf6c5d58474907977f403c01556041780_full.jpeg,385,"142,00","72,15","76,00","53,39","54,00","75,36"
7df141756f34e93887e8f103458e8ebd1523306370_full.jpeg,386,"221,00","66,78","63,00","75,05","36,00","56,97"
7e087e095c437dd1e69f964ed21d57db1500005005_full.jpeg,387,"96,00","68,35","165,00","66,39","199,00","83,72"
7f430180701beef5a7456e15f8dfb3401515660254_full.jpeg,388,"246,00","54,90","3,00","59,23","33,00","77,63"
7fdc1bac364cad4b9c864561e3e6813b1529088203_full.jpeg,389,"151,00","61,37","56,00","62,43","155,00","91,38"
801bfebed57afb72d0bd21d26f62d5c11436314465_full.jpeg,390,"204,00","73,12","61,00","48,05","69,00","65,93"
802d1ecb13901df8b70d5f8f7ac4a1681468361048_full.jpeg,391,"249,00","39,98","66,00","54,79","160,00","73,45"
80314f46c97f61248c6d945e76a06ca61333396790_full.jpeg,392,"82,00","99,05","25,00","82,84","15,00","82,93"
8056a82e973dde98ebb82abd39dc69731564519729_full.jpeg,393,"218,00","65,38","67,00","68,83","136,00","75,79"
8118cdb372b59fc25e687e9a281ec5b51487017969_full.jpeg,394,"85,00","75,73","166,00","57,44","207,00","81,01"
81768983b78e9d34c69ba21997f396e11335926055_full.jpeg,395,"239,00","67,11","141,00","76,44","137,00","52,03"
81b089af2d4affb17c7e01cbf20638561365212516_full.jpeg,396,"120,00","77,41","34,00","29,32","147,00","52,50"
81c8e63c75c277278c5e4321af0e31271420660361_full.jpeg,397,"225,00","70,83","38,00","33,86","162,00","86,56"
81d7ab94ac21c379f1bda02b727d5f581570827991_full.jpeg,398,"204,00","59,33","64,00","49,69","166,00","86,12"
82643347ae12c3c80c8bec22fc5ce0511578705556_full.jpeg,399,"73,00","86,07","166,00","67,15","155,00","33,73"
826b47afb1bb53a9faf4d57321c7c35e1476262102_full.jpeg,400,"254,00","44,02","3,00","43,43","9,00","94,14"
831b6fa67962b190279f49096c7455d21499729866_full.jpeg,401,"255,00","46,34","0,00","21,28","0,00","65,33"
8354d1bc2886bb05e8b537f962e2d2911475652280_full.jpeg,402,"240,00","55,78","62,00","51,10","77,00","77,28"
837409ac43551c978dd2978d3a55f92a1415999996_full.jpeg,403,"88,00","64,61","139,00","60,48","154,00","69,16"
8377c11c273d2736835c15ebfe69d79c1501721214_full.jpeg,404,"141,00","61,99","154,00","90,18","129,00","59,32"
83f81ae9ac9b3ff32f03e259cbce3d741460065974_full.jpeg,405,"243,00","47,32","13,00","57,66","28,00","69,55"
849d51d5304ca8f1350bf6c4ea1108891452032224_full.jpeg,406,"142,00","65,04","34,00","54,11","127,00","66,56"
8522d0abbd4217fc6b4628b1488577561533274977_full.jpeg,407,"67,00","55,77","80,00","55,68","21,00","66,51"
8588cf259d64d48b9064ce95826c76e71538571389_full.jpeg,408,"198,00","59,81","63,00","70,21","159,00","51,39"
85a0c35bab9f0775c2c30c7f970e77091475746204_full.jpeg,409,"128,00","65,99","77,00","43,31","26,00","74,48"
85c65c8830225c9bbcbda0158511e61d1515000706_full.jpeg,410,"240,00","29,91","49,00","72,23","149,00","60,01"
865b418af3b2d674b614fcac258e1e111507071133_full.jpeg,411,"242,00","49,44","53,00","58,40","143,00","66,94"
866951e6efe095e8a56feca1c3ef2adc1532552829_full.jpeg,412,"208,00","60,08","115,00","61,26","24,00","66,02"
8726361d451b91ba242e8483282048711515110055_full.jpeg,413,"68,00","67,68","127,00","63,24","156,00","100,02"
873c27e421082f024bb235c590bd35fd1499834799_full.jpeg,414,"213,00","60,25","106,00","70,38","141,00","76,03"
879b1e0acbe28be5e028bcb38cde73751483868718_full.jpeg,415,"134,00","82,83","120,00","78,51","155,00","52,03"
8804d553f85126fbea78c35d6074e7e31550092881_full.jpeg,416,"187,00","66,59","45,00","67,22","142,00","70,73"
88fd796020664ac4cfa103891a487e2f1523056672_full.jpeg,417,"176,00","73,43","130,00","42,13","13,00","108,43"
893a35d45c053eb2171051fc591c07bc1396898246_full.jpeg,418,"182,00","89,95","93,00","81,16","137,00","81,40"
896ea148297d3f7aeb12bd02463326ec1399425303_full.jpeg,419,"82,00","69,91","119,00","60,27","34,00","87,06"
89ac3ce291c61a1d812ea7313675275e1435186540_full.jpeg,420,"250,00","69,68","24,00","67,61","18,00","59,52"
89f652de5eeea32c66b1ce8b8ed321fd1570055637_full.jpeg,421,"203,00","60,91","70,00","50,43","51,00","88,01"
8a323f73c3923acc4f2a22d37a4267ae1444093208_full.jpeg,422,"232,00","39,98","58,00","41,21","127,00","73,70"
8a9ceb3552ead9dc55d855b1c20e1ff71536179512_full.jpeg,423,"228,00","54,16","34,00","52,22","24,00","79,01"
8aae68da50ab4deee3cf2799c5c920351444307632_full.jpeg,424,"237,00","92,33","220,00","70,22","39,00","56,07"
8ab205b921e6879107d38327a241a78c1391046932_full.jpeg,425,"233,00","68,06","154,00","61,90","141,00","59,52"
8aca9dd7b5ddc46d0bd367264edc42361578547124_full.jpeg,426,"249,00","37,33","31,00","48,89","21,00","48,58"
8ad9366eab2ceca1a872a26c5b96574f1446849740_full.jpeg,427,"239,00","54,36","62,00","82,53","36,00","98,78"
8bf53346872f4ccbe932eed438dc88781389117439_full.jpeg,428,"165,00","73,31","45,00","53,76","173,00","84,01"
8caccd3377ad43b31e02ae79d856691a1549191964_full.jpeg,429,"206,00","65,08","79,00","74,46","30,00","64,77"
8daff5155c710018730b35407b4fd8361452264828_full.jpeg,430,"189,00","64,97","48,00","77,04","155,00","86,22"
8e00875dd07ca1667a113ee7c80508131579741354_full.jpeg,431,"193,00","70,18","90,00","58,66","33,00","93,81"
8e9deb3d532eb37c9d437ec63a8fe0901326138594_full.jpeg,432,"255,00","82,52","0,00","34,40","0,00","85,53"
8ea28471581ba584ff58478289ab7da41532130537_full.jpeg,433,"235,00","48,17","42,00","43,30","188,00","78,04"
8ebe2d3342f17ee9537bfa68b8e4e7fa1364699314_full.jpeg,434,"247,00","48,51","50,00","47,71","18,00","109,49"
8eefc5ad36f97ca0082fa912ec2984e01522885850_full.jpeg,435,"250,00","54,74","56,00","76,05","42,00","97,75"
8f29f3c9831e154b5710c404f054e1ee1552422805_full.jpeg,436,"53,00","66,81","48,00","69,38","24,00","73,34"
8f4360f3e165b0356a5f9859f57bda4b1530856755_full.jpeg,437,"90,00","83,53","77,00","79,57","152,00","96,61"
8f4d08f2e5f9f3c2c856bcd9aa73b6f31549125935_full.jpeg,438,"164,00","94,31","36,00","68,45","42,00","76,87"
8f61d08e713fc25ad54cf12079836b5f1499856494_full.jpeg,439,"227,00","64,26","81,00","75,94","70,00","87,49"
8f62e2477b04c56c1d8a0bcf2eddc1ba1425084853_full.jpeg,440,"252,00","73,12","132,00","82,58","98,00","77,55"
907863f23f7b2ee39b220ae09101cbb51539280535_full.jpeg,441,"228,00","31,52","48,00","38,67","133,00","63,45"
90d16f1748906289cb4ff6b72565f2731507942341_full.jpeg,442,"182,00","65,15","69,00","73,70","106,00","58,98"
91c3c07b001931bcdb342bb21b711c581404631762_full.jpeg,443,"161,00","68,74","43,00","64,05","119,00","54,05"
925a59d3e5b5bb0f9e87d8afe51873bc1427920522_full.jpeg,444,"234,00","79,55","11,00","66,22","28,00","87,06"
9276c447dd402676e10ca7e151073c9f1546895630_full.jpeg,445,"219,00","45,44","75,00","48,66","141,00","81,40"
92c1f719681cf330ae4fcf63d1a5da631454530725_full.jpeg,446,"150,00","68,90","137,00","71,30","153,00","77,44"
92eef3342009dfc3ffe1d46dad8677561474921698_full.jpeg,447,"243,00","46,39","79,00","73,36","221,00","101,04"
931233b5ec5d927627fc2befd3de82c51538905668_full.jpeg,448,"85,00","74,08","70,00","62,74","158,00","66,34"
931425db30c92009e04105b249e9906f1523049829_full.jpeg,449,"212,00","76,09","100,00","78,30","127,00","81,07"
93f86790998560f5a3dfe2d17fb5ff3b1403820617_full.jpeg,450,"160,00","75,89","52,00","58,82","72,00","67,24"
946a165bc3a7eacfe7812363ef841eec1555109861_full.jpeg,451,"237,00","44,82","26,00","59,78","51,00","95,51"
948a0b2f3711ac4eda455fb9652063eb1535865511_full.jpeg,452,"127,00","61,80","54,00","44,66","142,00","55,06"
94eac17b8d3ebe2ee6bc350e1ef5d01c1542152655_full.jpeg,453,"83,00","71,09","69,00","74,22","164,00","74,48"
950bc6ca14531a80d6ebdab73af2c2851548366822_full.jpeg,454,"225,00","57,71","30,00","55,48","142,00","80,81"
9603d1d63886a4446e86860e0a304b271489008660_full.jpeg,455,"129,00","68,94","152,00","71,11","151,00","64,99"
960c6bc0f0485cce7b86104dd213742e1538913760_full.jpeg,456,"237,00","60,07","51,00","95,11","36,00","67,96"
961d72f6b3825bca53b772996d47eae91452021340_full.jpeg,457,"209,00","67,84","54,00","56,59","145,00","78,85"
9623d4b3535916a4289390665ad31b481514496828_full.jpeg,458,"237,00","56,67","52,00","49,95","131,00","90,82"
9668d567f0eac7c864db0dff024a34271333122773_full.jpeg,459,"175,00","52,19","86,00","58,95","86,00","44,12"
97b8c2d9f2cdb450a89e44569b9276901439846468_full.jpeg,460,"202,00","47,91","61,00","38,58","29,00","55,41"
97bf9cd2af93d6f5ffedd66e561afb871460068269_full.jpeg,461,"155,00","54,72","210,00","91,73","152,00","59,48"
981211045a13bf64782730e577d399cd1412621473_full.jpeg,462,"87,00","53,08","70,00","52,54","173,00","102,86"
982ba5a7f28472398375dee48a9bf6a11365187649_full.jpeg,463,"226,00","55,69","74,00","62,38","138,00","48,19"
98528102f887e665b8b88892cf635ff01444172299_full.jpeg,464,"220,00","62,56","31,00","58,35","42,00","78,63"
98ea4207e23a2ea3e3af39ad641d88001533322009_full.jpeg,465,"197,00","73,92","138,00","70,59","140,00","70,95"
992b4f4ee6bab29dc70b1c33bb5de5361372814618_full.jpeg,466,"186,00","77,33","61,00","50,62","48,00","88,01"
994354b3b71c72e20e537436a7923e021513147731_full.jpeg,467,"254,00","53,57","92,00","78,43","135,00","69,45"
99d6bc26005ef5d16cafe5320fa4d5161564431767_full.jpeg,468,"166,00","64,69","82,00","53,81","150,00","70,72"
9a5a627d7b7e3ab596c5ad7ee90a3b6b1574294753_full.jpeg,469,"89,00","66,66","60,00","47,42","151,00","68,73"
9a95cc791707e1bf0a4f56462a0a88501522978363_full.jpeg,470,"255,00","64,69","0,00","44,61","0,00","81,36"
9ac1c4e1b0a649363477827e30050b881452031391_full.jpeg,471,"237,00","39,27","11,00","67,11","139,00","61,53"
9affa5082b5565b1bb0874e274a0cfd71475201320_full.jpeg,472,"226,00","72,18","42,00","63,74","28,00","73,95"
9b11916ae9d5d8e53323ea072fd6157e1343265507_full.jpeg,473,"132,00","88,34","86,00","87,08","85,00","68,53"
9b6507692191013c76711b5267353b981506377409_full.jpeg,474,"242,00","62,97","53,00","56,66","30,00","85,06"
9bb411260cdb1f1aaa61833e65b87bd21534369766_full.jpeg,475,"220,00","40,23","89,00","58,71","84,00","52,09"
9bb4bfff9c611bb365a87c4b34176dd21452118832_full.jpeg,476,"238,00","52,78","60,00","39,67","20,00","39,67"
9bcd2545e77b5c6b85fb4643e50c53241498717636_full.jpeg,477,"179,00","62,52","76,00","58,97","82,00","69,10"
9c6f496c9bf1d83a9ca879bf90e975ff1339620971_full.jpeg,478,"19,00","72,73","117,00","44,09","205,00","82,58"
9d2ef3afda769a1ec026fbef8e3961451548270906_full.jpeg,479,"216,00","44,92","123,00","58,45","81,00","52,61"
9d4ec0fc3fa44d401cf64a6d01a48f671475508666_full.jpeg,480,"154,00","65,17","86,00","51,70","82,00","65,84"
9d7decb0e75cb64ccf45c2949195598e1452194474_full.jpeg,481,"214,00","50,30","51,00","47,21","46,00","64,73"
9e1a4846885dc3994414b608f80490781531935326_full.jpeg,482,"107,00","89,37","97,00","53,46","143,00","40,77"
9e1c05e4711a225c7ba61d7d291e50321459641447_full.jpeg,483,"254,00","45,84","9,00","47,68","29,00","79,09"
9e47bfb83c75f3e1472c4db3c66a3c441420860641_full.jpeg,484,"143,00","64,29","57,00","69,76","152,00","69,78"
9eeda4742cf03ebc5ca42500bc730a251577757213_full.jpeg,485,"85,00","75,55","94,00","33,16","138,00","10,43"
9f3e830f3eec2455863584805e36c6231538688480_full.jpeg,486,"202,00","62,94","102,00","67,82","154,00","87,37"
9f8894f961340ccdd9464a53b14ca3bd1538572740_full.jpeg,487,"182,00","80,61","178,00","78,86","167,00","34,08"
a0e730a94fc4025e28a0a25c91b6be7c1437159955_full.jpeg,488,"89,00","78,11","73,00","67,63","146,00","74,25"
a13856557a3fa685fd12f85dab3c783b1475669513_full.jpeg,489,"251,00","53,57","65,00","62,17","168,00","59,62"
a29e0baba24f3067133efba525be7a111491834515_full.jpeg,490,"199,00","65,81","197,00","78,42","135,00","85,86"
a2b8d11869efab5a512a1199ce81548a1547076276_full.jpeg,491,"240,00","45,74","54,00","54,42","67,00","105,94"
a32e9051ae6e45b5d9a24df9772d564e1403822513_full.jpeg,492,"93,00","82,01","64,00","68,07","112,00","66,44"
a3508283e4fe7ad3c7659b052654490e1478092816_full.jpeg,493,"154,00","84,22","52,00","48,94","145,00","89,84"
a36ac807e1ad56523d0c3ca42e0763a61467463247_full.jpeg,494,"235,00","90,75","36,00","75,45","34,00","89,00"
a36fca80fc4921ae3526be21f4ae20361420839553_full.jpeg,495,"214,00","68,06","64,00","67,86","151,00","72,94"
a5cba103977a415dfb3140a5e2cc73471499459585_full.jpeg,496,"93,00","92,60","161,00","87,28","146,00","110,05"
a624f140a1c8be841889d3fcca597f5a1414524144_full.jpeg,497,"142,00","53,02","90,00","44,17","220,00","108,14"
a6bf1ab5f4e7f5c26696847e784c46341510179280_full.jpeg,498,"246,00","81,89","102,00","63,84","142,00","60,42"
a76da2cd5cf2f8ad5ff7f65bcdf7f9341515720475_full.jpeg,499,"74,00","74,94","93,00","50,43","54,00","47,23"
a781ab95794a8b38745afed79e6814b51511309159_full.jpeg,500,"80,00","42,86","78,00","39,25","39,00","54,28"
a8a938c47dd9fb234e1e6da529b2b5111443563063_full.jpeg,501,"247,00","66,69","12,00","47,50","177,00","67,80"
a8e0b8b7ea9561c724d8a3071507defd1538904451_full.jpeg,502,"254,00","67,68","3,00","42,61","8,00","82,74"
a941a19c00af2faeb8f34120a54ad19e1578890144_full.jpeg,503,"223,00","71,76","23,00","47,44","42,00","86,80"
a959095513d0997e9be355a22b0ee7891547256783_full.jpeg,504,"223,00","63,56","38,00","45,66","31,00","76,69"
a95bd04befcc31455ea7c985da2aeaee1569960837_full.jpeg,505,"239,00","74,37","46,00","74,27","28,00","80,66"
a96c256019920b13cff748e473228d351522977218_full.jpeg,506,"199,00","78,40","103,00","57,03","138,00","89,10"
a9c1f36167964b81371db1bde94087861580166621_full.jpeg,507,"243,00","77,96","55,00","67,31","41,00","60,25"
ab1040e21dceb2f4866d623507dcafdd1336684022_full.jpeg,508,"248,00","52,19","47,00","50,92","136,00","64,29"
ab12f915f6d8808cada2318a7138ec5a1491957004_full.jpeg,509,"178,00","73,49","27,00","55,90","157,00","72,91"
ab13c151e688265c37c38d4575ceac781583288758_full.jpeg,510,"129,00","66,63","59,00","45,54","165,00","72,11"
ab21e2b37d995124ea4a77f51f81becc1436371805_full.jpeg,511,"237,00","52,44","106,00","87,23","36,00","78,66"
ab43fd8b1be7f2f3c6d3c3a277395da71536274184_full.jpeg,512,"243,00","44,91","79,00","52,37","119,00","77,95"
abb59102f88dba0b083e225db4421ee01569893751_full.jpeg,513,"211,00","57,27","91,00","58,87","40,00","58,66"
abcc6053c4fdcdab998997a8aaa2708f1475018758_full.jpeg,514,"128,00","63,40","131,00","68,34","105,00","64,51"
ac12e55f9dab75f7e45136fe32eb72311515677911_full.jpeg,515,"196,00","60,72","49,00","54,60","70,00","83,25"
ac6d2494650531e9a04a904c644bb8781491428941_full.jpeg,516,"181,00","81,46","43,00","55,52","177,00","71,37"
ad2b0b48b9f93920299b014bd70f24ed1428100037_full.jpeg,517,"218,00","59,32","44,00","57,30","136,00","69,20"
adeebec82242cd8f432f4e244af81a061467608954_full.jpeg,518,"248,00","54,07","59,00","52,89","150,00","66,40"
ae33dd128ae23ad1be9d65438f00141c1405097747_full.jpeg,519,"202,00","59,90","114,00","78,81","180,00","70,21"
aec845d8085ccec1cc79b20efc0d58c51475290253_full.jpeg,520,"75,00","92,56","48,00","77,44","22,00","82,76"
aeeb45d050d607c866782ce64947cb1e1526684207_full.jpeg,521,"190,00","63,81","62,00","61,77","201,00","73,01"
af334aeaa3a5401d604d7333a40d9ccb1493161743_full.jpeg,522,"211,00","61,45","101,00","55,10","147,00","54,97"
afbe92137e5717d72f8f0ec9a9dca9321423792090_full.jpeg,523,"139,00","96,98","43,00","44,99","51,00","65,52"
afc892b4d9467953e5ed6318342908eb1391496006_full.jpeg,524,"213,00","67,91","91,00","71,74","142,00","66,89"
b00a7ac00ad404de0104ac1133d34ebf1458598720_full.jpeg,525,"245,00","64,65","49,00","63,95","60,00","99,86"
b02e8e0d9f590d92c7ad3fd791fe0d2c1512769874_full.jpeg,526,"238,00","74,50","245,00","97,93","137,00","55,23"
b062a3850315a43ae2eb1389541acb761581484715_full.jpeg,527,"208,00","58,42","110,00","67,88","155,00","102,19"
b0ccaf974df65b4a74c0b84f3696ecd41562788869_full.jpeg,528,"157,00","67,82","80,00","51,28","33,00","92,10"
b1a29e869af7a67eef3f3893973b81321341534001_full.jpeg,529,"241,00","54,54","13,00","57,80","59,00","76,79"
b22619782b3d839792a268aa5ee3963e1456969538_full.jpeg,530,"199,00","59,03","130,00","49,41","32,00","78,40"
b280bcf643da156b34203b33e1e08d071572404899_full.jpeg,531,"69,00","81,01","150,00","74,94","16,00","69,57"
b28e626c84d3596481486d49ed417a311467834357_full.jpeg,532,"229,00","67,41","36,00","57,29","139,00","94,12"
b2ecad9b4e66b71ade0a11e357f6d9c71326174184_full.jpeg,533,"246,00","37,08","72,00","58,01","34,00","66,84"
b2fe1fea206c6135c99c90b58f4cb9ee1532543336_full.jpeg,534,"195,00","53,80","98,00","69,57","35,00","62,24"
b320cf05482edabddc2737bd427acd041420480756_full.jpeg,535,"246,00","53,19","22,00","54,93","103,00","100,13"
b328ed36104495b95c04c514b4c2b6ef1442958547_full.jpeg,536,"247,00","52,06","37,00","55,04","132,00","43,77"
b37a1cfc55bd1bbbbe406686b102dff71381182918_full.jpeg,537,"255,00","60,71","0,00","73,92","0,00","91,92"
b4befa6e58687a64462a3511062bbfe11348858764_full.jpeg,538,"219,00","50,78","115,00","65,24","142,00","46,49"
b51c18650548c3b0da839a1b2f7e864d1529085500_full.jpeg,539,"199,00","88,59","93,00","80,10","42,00","82,54"
b55af73258d22994da6763bf921dd3981411851215_full.jpeg,540,"229,00","72,34","88,00","59,24","176,00","97,46"
b5c7374c04b114f58821a9a19d3f12421539265653_full.jpeg,541,"193,00","57,38","99,00","62,05","120,00","57,81"
b62c3c6d70d38fa10904d76dc60d06761578969109_full.jpeg,542,"248,00","46,72","110,00","58,41","27,00","66,47"
b65412c28f6781d1d05b8378f0c2c1391484084470_full.jpeg,543,"238,00","57,63","80,00","79,99","41,00","103,29"
b65c07761b414df0f5875ac36adde5ef1507942080_full.jpeg,544,"86,00","74,34","85,00","52,92","145,00","66,92"
b699c3de88d10a8fe9e62febcae5a3731349386143_full.jpeg,545,"147,00","102,84","8,00","53,46","30,00","50,58"
b6bdbc4e16e4f61c5bfc63cdc34306ea1480626126_full.jpeg,546,"134,00","70,64","88,00","56,09","157,00","88,03"
b6cb5d2061b72df2e04e6b9678acfa631483619277_full.jpeg,547,"55,00","54,93","48,00","33,20","59,00","39,93"
b773092e4b340bf70af3483320f62aea1498686548_full.jpeg,548,"243,00","45,14","62,00","51,23","148,00","77,34"
b7ce4b859fb5081ac27a54fe89ee67171446083640_full.jpeg,549,"175,00","71,23","120,00","68,41","55,00","74,00"
b82dd5e91eab13e4e84b0e4f29a7f0f31401836783_full.jpeg,550,"153,00","61,41","118,00","59,23","186,00","30,18"
b841d550e4e8b37f78860b9d12091e921402512685_full.jpeg,551,"180,00","61,56","66,00","65,59","25,00","81,77"
b866c2c6b15f76040b4685f3d03c4e971534192775_full.jpeg,552,"208,00","52,26","40,00","47,80","143,00","72,96"
b875e1859893863a735e70051743c7f61532555393_full.jpeg,553,"151,00","75,77","120,00","72,77","159,00","73,74"
b888c171fc749d4951e5711992960e6b1533939080_full.jpeg,554,"178,00","52,44","87,00","53,30","86,00","62,10"
b8e1ba30781a55fe5fe4ea52bfa98c9b1529085652_full.jpeg,555,"223,00","69,45","50,00","77,75","112,00","90,08"
ba814f4d03f4889fc80818119b116b211570840201_full.jpeg,556,"185,00","67,85","130,00","72,83","150,00","60,86"
bb673c0b1d84bd936c5819ed2b1e36701515252231_full.jpeg,557,"211,00","41,58","46,00","57,76","60,00","93,42"
bc6a6632d9a1cbf1f8b0d233c26f14901365195220_full.jpeg,558,"137,00","75,66","104,00","83,71","106,00","76,72"
bcf91aca242a6121922a362ad6077bea1396738971_full.jpeg,559,"57,00","70,38","160,00","76,35","146,00","41,29"
bd270bfef7fb3728f206c77181ff1ddc1530395200_full.jpeg,560,"166,00","76,91","55,00","56,82","140,00","63,10"
bdb7cd339117868cd6696dce922f318e1571270456_full.jpeg,561,"197,00","64,59","47,00","55,24","142,00","74,71"
bdf6b01f9886f309457610afd57b68a11435989267_full.jpeg,562,"223,00","68,39","67,00","66,23","151,00","81,58"
be611b65eb36149005789b740efc7a361333664528_full.jpeg,563,"196,00","72,66","89,00","74,20","81,00","76,50"
be9da4b43d277a66dc4d6b30b0fc66451539039605_full.jpeg,564,"96,00","75,16","116,00","84,10","22,00","70,65"
bf00bb9314272a29b058894cf331d6ed1483790667_full.jpeg,565,"223,00","73,45","72,00","74,16","115,00","80,90"
bf48884c9a037c2a99be2f879ef4ac201517264115_full.jpeg,566,"113,00","77,96","20,00","47,52","170,00","63,24"
bf7eef450f46ab0092820efdbb9ebaf71524088559_full.jpeg,567,"49,00","69,13","69,00","60,12","168,00","78,33"
bfc0dcf6dfb992e804d93ac901b58f121475743603_full.jpeg,568,"233,00","51,93","68,00","56,85","137,00","71,48"
c0763707da2f4aeae8ce78642a6248bd1532553588_full.jpeg,569,"238,00","51,54","75,00","98,75","102,00","72,37"
c0c8705c5e8333f6d31e745bf8d929e91507940908_full.jpeg,570,"135,00","73,43","38,00","45,66","138,00","80,18"
c0d08a06dae2ed2877cd15e303df87491533959656_full.jpeg,571,"130,00","84,46","156,00","84,75","155,00","96,52"
c0e4062c697750b7a32757413989f75b1474913023_full.jpeg,572,"244,00","48,22","109,00","67,97","141,00","50,93"
c0ffae7b12d7900efed7c989734638761546916552_full.jpeg,573,"225,00","58,72","59,00","64,20","23,00","86,01"
c11be10305fac9fe0d1e99a41e93df361507330592_full.jpeg,574,"209,00","69,61","120,00","69,36","140,00","49,22"
c15e58f7beaf54646c1ad0bcbb4886ff1507336620_full.jpeg,575,"246,00","59,85","87,00","47,67","236,00","90,07"
c1d4c7085f1a2112ce1c21b1b43f1b8b1467896005_full.jpeg,576,"222,00","63,79","56,00","55,81","37,00","83,07"
c21019f7c671dc5dd72f7c402a1237d71554983232_full.jpeg,577,"96,00","90,06","201,00","75,93","21,00","55,32"
c265885a770bdcdf946f88bc7be14be11495662659_full.jpeg,578,"174,00","89,10","113,00","73,29","36,00","84,62"
c269554bf4323fe75285e795c57e060a1475826088_full.jpeg,579,"237,00","63,22","44,00","74,51","41,00","82,24"
c2eae46dd0742421cb9d59e8ac001d2e1356643672_full.jpeg,580,"248,00","51,57","14,00","46,96","142,00","59,49"
c33592b4651e7cccf7ec66244e0f8ee81555537663_full.jpeg,581,"45,00","83,10","61,00","95,91","127,00","71,54"
c374bdc67a096a55f109a93908effb7d1491484592_full.jpeg,582,"161,00","86,31","11,00","46,00","26,00","78,05"
c37c375a5bb578d9c5a2a2066a432ee71535153647_full.jpeg,583,"236,00","26,23","51,00","30,85","157,00","46,13"
c45b9e6f3a7da77892cc836f694ccfed1571077423_full.jpeg,584,"190,00","80,99","88,00","81,68","131,00","61,89"
c4a8a1fa13cfa6de257b624a40e248421437188761_full.jpeg,585,"66,00","56,55","98,00","42,86","154,00","60,51"
c4cf4a91a0bca77f1a0954ddd48a2e8c1532552925_full.jpeg,586,"255,00","93,99","0,00","45,33","0,00","87,87"
c4f910c11fbb50ea92ed086899c6190e1509670708_full.jpeg,587,"216,00","50,70","67,00","59,16","155,00","81,56"
c57350bd3dad502cd9b1a2a9479b1f9b1482733446_full.jpeg,588,"198,00","74,90","99,00","85,74","69,00","71,69"
c5bf57c09aa20dacefea976c61375c171350060834_full.jpeg,589,"32,00","106,22","53,00","100,10","44,00","103,77"
c643f18fac9cc0f220c4cf797ef011981529088081_full.jpeg,590,"247,00","39,36","0,00","53,10","0,00","81,43"
c67abd71a903f65d1610cd26959e755e1412715434_full.jpeg,591,"248,00","74,98","93,00","66,25","38,00","76,95"
c836efd49dded6ba59d4aa9e162222c61531953960_full.jpeg,592,"213,00","78,67","26,00","28,15","150,00","67,50"
c918317a05a05ae850dcf1e832d41db21544441181_full.jpeg,593,"201,00","67,52","89,00","65,41","152,00","81,21"
ca03f9d7a257910e2faa35f5d402eeef1577765593_full.jpeg,594,"139,00","58,99","48,00","60,20","130,00","53,45"
ca81ded75159b3eba12bdc433184abab1500918988_full.jpeg,595,"198,00","72,80","54,00","56,24","135,00","65,64"
cabfcbdfb646e8a96e4c2418cac38ce81538453543_full.jpeg,596,"163,00","85,18","94,00","58,88","142,00","56,76"
cb9b38fa79ded7552a82b637ae4713171444266763_full.jpeg,597,"147,00","47,52","116,00","54,73","138,00","69,89"
cbb55a6382682bf71e91f685c6473c5a1487736090_full.jpeg,598,"156,00","60,66","101,00","66,86","23,00","90,56"
cc524e45cf051cc9aedf2865e92440161444328430_full.jpeg,599,"37,00","61,77","63,00","60,81","22,00","77,70"
cc63e8a94f2028ff91b9c451e023e10a1570487820_full.jpeg,600,"158,00","75,30","99,00","47,16","232,00","111,46"
cccce22d1dfaaf713284a617ee0b539a1572467883_full.jpeg,601,"171,00","96,06","102,00","79,07","36,00","64,16"
cd29219a95ba07cf19a03065086d457d1285618435_full.jpeg,602,"243,00","50,66","151,00","71,23","143,00","58,68"
cd61320a82ff1c1ff30f08f464a97f3f1571635066_full.jpeg,603,"187,00","63,06","58,00","52,75","27,00","69,55"
cda9bcf111c8a974295a683c643f89801459737569_full.jpeg,604,"252,00","71,22","17,00","55,44","135,00","68,28"
cdbe78e3c259363f08b32a6fb1375d161507940549_full.jpeg,605,"226,00","58,12","91,00","72,44","73,00","75,43"
ce54c8c3187f123afdf1cc3ee33d01d01397077264_full.jpeg,606,"255,00","36,81","0,00","41,33","0,00","77,32"
cf2965b2c053e2edc9b8b24e4c190f381530980453_full.jpeg,607,"213,00","80,70","44,00","53,31","127,00","86,83"
cff1b0a4ff024ae982b120d135da22271507594687_full.jpeg,608,"166,00","74,50","12,00","96,20","1,00","109,15"
d095879534187c6f57546b2aafb8b5361404912213_full.jpeg,609,"235,00","68,46","21,00","53,96","46,00","87,95"
d13ced1c661c61c8f70ad6e33245c46d1522875200_full.jpeg,610,"237,00","51,88","37,00","44,54","42,00","89,03"
d1c600997b5989b43618c0e9571a379a1538454455_full.jpeg,611,"150,00","61,78","71,00","44,44","34,00","31,56"
d1f8c8e2e69a243941477189070f4a9c1531281549_full.jpeg,612,"64,00","82,17","139,00","88,63","144,00","56,42"
d207626e8baa71938e43965f2fdf9b841569978229_full.jpeg,613,"209,00","72,82","73,00","55,45","138,00","78,19"
d289e8b3039d7e00cf456f8f92e69e9f1507249591_full.jpeg,614,"63,00","70,61","121,00","62,08","159,00","51,61"
d2933cab9aed645c40ecb2704f767a3b1515204685_full.jpeg,615,"238,00","49,20","55,00","63,23","127,00","70,24"
d30c35a7e579848a8e92e338218f57c81429224923_full.jpeg,616,"255,00","42,05","0,00","57,03","0,00","74,08"
d3248f93882ab7879a116b837da056f41364699336_full.jpeg,617,"157,00","73,41","88,00","68,44","146,00","63,18"
d34e93dbf1f415f97abc6d0bcf9530441475826495_full.jpeg,618,"226,00","64,27","63,00","44,15","40,00","86,52"
d3d772de710a3d8cf66e2da8de7f11c11538711563_full.jpeg,619,"243,00","69,07","41,00","50,50","36,00","82,42"
d4dc90fd4a8dac736cdd95c9236353591491511177_full.jpeg,620,"76,00","78,66","129,00","61,80","38,00","55,35"
d4e0f7bb37eb53e7c79a355c948d665b1373186751_full.jpeg,621,"198,00","79,26","98,00","48,13","28,00","87,91"
d543ac6e44978996d0a2103c3e5f6bab1491904820_full.jpeg,622,"159,00","49,40","86,00","38,20","98,00","35,94"
d55d9158bab31105141e8cd25d86f5ad1522947538_full.jpeg,623,"43,00","36,84","123,00","61,21","134,00","49,02"
d5e35e8b90ee813fd4be01f47bd8f5821555109988_full.jpeg,624,"209,00","67,64","49,00","47,40","42,00","55,99"
d5f210096bde2ef386f3aab1f7e7d4fe1467378311_full.jpeg,625,"210,00","48,13","40,00","50,38","101,00","84,45"
d5f83364c0360f7085ebf9a190c7e2401507939393_full.jpeg,626,"201,00","87,37","37,00","50,86","35,00","76,45"
d6b86e43bfb2e1973388eef42ca820151507939806_full.jpeg,627,"243,00","52,70","28,00","64,71","143,00","78,10"
d6f1d1a2e17e22c87063bcebe41b25731333490143_full.jpeg,628,"245,00","52,95","33,00","37,96","212,00","90,54"
d7ce1f6d630b4dc268b7a84cbb9ba0351499362706_full.jpeg,629,"237,00","46,45","58,00","48,42","45,00","79,93"
d81a664ee0254aa34b5fe84e45ba93bb1506970958_full.jpeg,630,"164,00","61,87","70,00","53,20","180,00","89,84"
d82364ba9b1f0414f24714cc4f8f261e1342639264_full.jpeg,631,"255,00","52,06","0,00","60,58","0,00","52,99"
d8275c93f3ed104ca139392afaa40bd91436996602_full.jpeg,632,"242,00","35,60","57,00","41,49","19,00","116,43"
d8a4a69bb844d45f649b427bdd8cee981324617644_full.jpeg,633,"127,00","71,38","142,00","80,08","137,00","67,22"
d8b434b203dc4b046e6c472886d7961e1493418583_full.jpeg,634,"217,00","43,84","30,00","49,19","147,00","60,32"
d91bd4acd918bbc9db5bedbbd2b3b3101491522616_full.jpeg,635,"244,00","45,06","46,00","52,47","185,00","82,50"
d932c6dd485a3b08fc1d8672a53ef23b1475183881_full.jpeg,636,"137,00","66,82","114,00","62,20","171,00","62,55"
d9a8fbeb4b5b9e2f2a0085d5d20c63df1337895779_full.jpeg,637,"201,00","67,11","71,00","58,49","184,00","88,30"
d9f5e51c6ce7a1c3c36cd0728596d2dc1389320768_full.jpeg,638,"232,00","67,97","102,00","52,92","141,00","76,30"
da12f39436dbe186a67d6dbb96e4971b1534191908_full.jpeg,639,"253,00","59,65","148,00","50,97","32,00","48,21"
da61b109ab40bc4dba1716506a3ce68a1467925674_full.jpeg,640,"210,00","51,44","84,00","52,99","137,00","56,29"
db091db10d71a19dc8ea5ba3e45513371582643783_full.jpeg,641,"98,00","69,29","100,00","61,12","175,00","65,36"
db4565f9025212d19ce241ee108e46b21538181824_full.jpeg,642,"119,00","62,27","102,00","66,68","164,00","65,78"
dc592cdaffe39ce24be6f822a55479371523077379_full.jpeg,643,"217,00","87,85","59,00","78,84","16,00","76,68"
dd27dac66302d221deedffbb02f6e10a1533234786_full.jpeg,644,"227,00","50,53","61,00","52,21","134,00","92,50"
dd98d8806b2de8ec89f75f21f65863ed1491256671_full.jpeg,645,"249,00","70,66","11,00","51,90","23,00","71,43"
de3c5b50dee64c1144c977f678a208d41452039271_full.jpeg,646,"239,00","44,24","70,00","65,52","181,00","87,68"
de45d731aa97d72a4c8915508d5596dc1579031094_full.jpeg,647,"248,00","45,39","11,00","40,85","139,00","72,20"
deaf323b7654b1e9d6a63b9dfb1ae8cc1532553708_full.jpeg,648,"171,00","72,79","94,00","63,52","162,00","84,96"
deb0ebb4b44cb70865105d6fba2e12dc1546658576_full.jpeg,649,"255,00","68,00","0,00","48,90","0,00","87,93"
df2428f98b4686fa97f076659e0b8ab51543533019_full.jpeg,650,"226,00","60,56","37,00","64,71","42,00","84,91"
df36a4d78ce8b599d40f325e7cc7349d1514516525_full.jpeg,651,"255,00","37,18","119,00","80,75","139,00","63,89"
e0c8a39fa014e57a95ef3682a4cc61d31483733959_full.jpeg,652,"143,00","83,52","131,00","70,20","27,00","85,20"
e1473118d07ceefff832277a81752a601413929883_full.jpeg,653,"191,00","77,39","61,00","66,63","25,00","85,04"
e14b0ca99c865bda94c0a491476096091327531053_full.jpeg,654,"29,00","91,79","2,00","61,56","0,00","48,92"
e1f468b81edfa6254ae35e7a0b856ffa1529355959_full.jpeg,655,"254,00","61,23","255,00","81,86","40,00","50,92"
e22351e4714b72114c4bec1c22d275851529097161_full.jpeg,656,"51,00","74,53","33,00","68,70","43,00","82,14"
e2ee07328be2ad91eb1325a4310799091532553339_full.jpeg,657,"191,00","73,96","61,00","63,48","46,00","74,38"
e2f61fbb70a8cf068d7d4f70bde1e7551499847860_full.jpeg,658,"122,00","89,69","128,00","75,74","155,00","99,27"
e3071c379b2474672b48c4c7149110681508359985_full.jpeg,659,"125,00","65,92","148,00","68,56","20,00","45,06"
e40991345c8b5e6a9943cdc393fb63ea1551143218_full.jpeg,660,"135,00","63,42","51,00","52,28","148,00","92,23"
e47aa95a73f0b007bc1bece79ed05b981349127209_full.jpeg,661,"167,00","57,45","128,00","68,40","32,00","72,82"
e48952743146d7a28c427717decb57161428521407_full.jpeg,662,"251,00","39,99","6,00","73,75","49,00","96,78"
e54c39524e0543d90084c390a8a4407d1360000093_full.jpeg,663,"229,00","44,00","139,00","112,82","151,00","75,69"
e64024a2ef4eb6c8bc4ce942b0544c571356627125_full.jpeg,664,"208,00","50,62","45,00","48,62","116,00","95,56"
e64bf81f4a7d81127341d1ccdc0a30061490903290_full.jpeg,665,"113,00","80,90","136,00","71,63","159,00","58,22"
e652c6a7de983d6b81c2ba7af45b04531475920888_full.jpeg,666,"235,00","96,58","200,00","92,74","42,00","62,62"
e662d743356aca32519bfb8c097f14d21533940075_full.jpeg,667,"169,00","57,03","77,00","48,93","154,00","61,56"
e66af9c4959952413ea7c735a754ada71380144050_full.jpeg,668,"201,00","70,96","75,00","66,65","124,00","69,97"
e75203df3d9fbee76d042cb172994f1d1571271082_full.jpeg,669,"138,00","72,18","60,00","42,58","127,00","57,11"
e7ca1df1c26f5e9ce73c9d1ccaf276401542240176_full.jpeg,670,"232,00","68,50","249,00","83,52","138,00","57,69"
e7fb30f36753544de0691c836fa006291317839169_full.jpeg,671,"215,00","38,34","29,00","38,38","138,00","50,02"
e8e3c09f8450c3d8a90a03e2198688f61515484130_full.jpeg,672,"169,00","74,25","76,00","72,59","155,00","77,58"
e91939a4f48ac442425e1ded03ba36731467927131_full.jpeg,673,"28,00","81,96","145,00","75,59","26,00","17,06"
e9724d06d964d91e937874b67ccab1791481589502_full.jpeg,674,"69,00","40,61","103,00","53,11","27,00","67,04"
e9d06c4b49db6a61f50d15d22056001f1549334227_full.jpeg,675,"194,00","79,69","117,00","60,38","26,00","113,42"
e9e2e44446dcc49fec0ccaec5d824ba01531187069_full.jpeg,676,"188,00","91,68","106,00","84,99","170,00","98,17"
e9ef1778c1a5d5e42dc57c486ae9b17b1570744289_full.jpeg,677,"173,00","62,32","64,00","86,13","73,00","81,90"
ea3652eecf2b2bb2569e9c999c3db0ab1401316123_full.jpeg,678,"80,00","67,06","56,00","38,93","142,00","69,79"
eab753d7042ac8548c9b08a2cf0fa2961533925412_full.jpeg,679,"31,00","53,06","115,00","69,57","170,00","99,49"
eb010c5efc2550478889040ace097fa41404850653_full.jpeg,680,"193,00","91,68","111,00","93,85","42,00","70,64"
eb574ad8eca9c73a41a5e08b9b4264e51431481219_full.jpeg,681,"227,00","61,34","62,00","50,95","142,00","89,04"
eb7240c98ed971b547c24d00c6753dfa1502320432_full.jpeg,682,"234,00","53,14","48,00","48,09","159,00","96,29"
eb8084f8230108f487402956e9984f1c1384463925_full.jpeg,683,"217,00","72,91","130,00","75,43","117,00","72,35"
eb8e031b31c11a2dc86f67356c3b33fe1380822049_full.jpeg,684,"224,00","61,28","34,00","33,16","154,00","34,84"
ebc3cee0d3d66bc61c79c6a3bf4f3d2b1569965179_full.jpeg,685,"228,00","61,25","17,00","50,91","144,00","85,85"
ebe36ac6ee6e6b5fdce5df70a96aa49a1507099342_full.jpeg,686,"224,00","57,15","61,00","52,40","70,00","94,73"
ed4dce19ca2ba9d41119f50240c557c71420578229_full.jpeg,687,"150,00","72,50","57,00","73,72","146,00","66,33"
ed8375ecb2b2565766ad4afea4f658261507330691_full.jpeg,688,"239,00","47,31","72,00","61,75","142,00","68,76"
edb25fe0e22e15adfbea8c1464fad82d1443951233_full.jpeg,689,"159,00","70,34","70,00","55,95","43,00","84,35"
edbd0bb8d5722f91def4c4c8c45327431351191195_full.jpeg,690,"222,00","56,19","6,00","27,17","42,00","65,48"
ee2d3bb6a90a2c471c18a7eed18ff0691451338768_full.jpeg,691,"130,00","69,96","77,00","64,00","129,00","69,28"
ee5d1e2e972db91abfdd90284c8b74351523301700_full.jpeg,692,"165,00","71,19","96,00","56,16","49,00","79,37"
ee684355f8eebb17e3dae6ade27934621554708530_full.jpeg,693,"205,00","65,11","98,00","61,43","61,00","79,16"
ee891011d4f27b2c7aea8ec45c5042121373185343_full.jpeg,694,"129,00","97,12","31,00","54,03","127,00","87,44"
eec93e750b6b873f13e04a2c77d57dca1412806442_full.jpeg,695,"214,00","77,23","41,00","60,96","28,00","82,56"
ef5256ff4c4090c9fd1440592f1a0a2e1500413854_full.jpeg,696,"253,00","69,78","21,00","69,82","146,00","59,40"
ef6f1771e7b4e985bd65544121f3c1231546987212_full.jpeg,697,"145,00","87,47","46,00","55,61","168,00","101,95"
efcb90af8fd6560648ab127c978f6ea91405097722_full.jpeg,698,"246,00","63,28","10,00","46,98","15,00","80,92"
f006ae1c996634acbaf00c63d1ac25df1535668840_full.jpeg,699,"240,00","70,54","56,00","78,03","39,00","79,97"
f0b2bc2e56d907f52c15e7ac5ead7c551499857083_full.jpeg,700,"241,00","66,52","68,00","56,74","22,00","54,24"
f0d9114bea0e7755bce467468d65d6dc1443644788_full.jpeg,701,"202,00","69,39","206,00","66,04","146,00","16,12"
f106598ffa6ec4b751e63191ac26ca491475564561_full.jpeg,702,"194,00","58,69","87,00","58,69","153,00","55,73"
f1fe5c7a43cb2f38f4152a58f89479821554508873_full.jpeg,703,"44,00","63,69","125,00","63,16","158,00","50,95"
f24f103a10fd45daab2d4754d2e384b71437527434_full.jpeg,704,"172,00","72,75","123,00","61,81","100,00","42,27"
f297155beaec0e5f1ed091f6ed5d617c1568071180_full.jpeg,705,"231,00","72,92","48,00","64,30","127,00","82,84"
f2ccbd8ea20320fda0f49b23bb43d2d21396649462_full.jpeg,706,"254,00","57,53","5,00","61,13","122,00","72,46"
f2d624eeec0d2bdb7278bdd09e0b8ea91532022699_full.jpeg,707,"191,00","69,63","49,00","52,19","23,00","74,26"
f2e9101be6f96bf61ad3dd7c59cf95151547049778_full.jpeg,708,"247,00","44,20","75,00","55,68","134,00","57,55"
f39842bd473e2db08ea8a1d8849c93ae1412197326_full.jpeg,709,"128,00","75,50","116,00","83,54","155,00","63,29"
f40bce3e7b77f3d2797fd0dca53f0f541555109944_full.jpeg,710,"222,00","61,56","69,00","38,09","146,00","81,39"
f4ca1a545a471a9ce6e43eef8e8d72541539734102_full.jpeg,711,"203,00","64,40","66,00","68,50","44,00","76,69"
f543f3ac08acc24bfebe28ac2e8ac9231507245129_full.jpeg,712,"248,00","52,55","24,00","48,14","34,00","90,04"
f5471f12c6da69630ae06f0c2855561d1513144925_full.jpeg,713,"215,00","62,90","20,00","50,37","42,00","76,37"
f584f1a1c42a9d60d96b7b899c950a901396569315_full.jpeg,714,"158,00","59,35","92,00","48,82","55,00","65,29"
f5a1c70df13361b1ffcab4f01f3628f41428603548_full.jpeg,715,"239,00","79,37","53,00","45,13","132,00","65,90"
f67a9d25f1a79891bd8cc9e68bf6021c1435186459_full.jpeg,716,"132,00","75,63","57,00","53,12","170,00","89,70"
f6f7c9535c942abd78d2e79d4930054b1427742235_full.jpeg,717,"255,00","47,74","0,00","31,17","0,00","60,19"
f7510d2e62fddf8d0705b5960cbe53511523422491_full.jpeg,718,"124,00","76,91","53,00","34,69","168,00","48,23"
f7582dc61846a118b093b8eda7c002ff1429227835_full.jpeg,719,"224,00","52,06","61,00","38,94","157,00","73,02"
f7cdf17182ad1deb81b07a2aa09ffcc51539392387_full.jpeg,720,"176,00","89,53","35,00","58,95","40,00","85,29"
f7d9ebb45ceba86e262ca09c94e57a251396904978_full.jpeg,721,"255,00","54,32","67,00","73,54","106,00","85,39"
f814fb0bb1df330ae9af4db7d00125591462574622_full.jpeg,722,"208,00","54,05","49,00","56,77","144,00","62,37"
f81ff79a711c6ffb290742cf86480fa51443057401_full.jpeg,723,"250,00","60,41","76,00","57,67","140,00","57,08"
f86f9fd7b31f0374748a7704670266491389044977_full.jpeg,724,"70,00","68,35","142,00","88,48","96,00","103,40"
f88be0911730e73f7dabc6a5237c32731562074103_full.jpeg,725,"233,00","36,44","77,00","80,92","137,00","62,88"
f8e77ffccd87f92a284f83b780c1fd301333469169_full.jpeg,726,"140,00","80,12","127,00","71,78","162,00","85,33"
f8fac7a1c5cef184eeaff834fc98bcfb1357156029_full.jpeg,727,"186,00","59,09","102,00","62,97","37,00","44,07"
f93fed24fab3b7e9a4b23cb375e7eac51507190163_full.jpeg,728,"117,00","63,09","148,00","73,67","10,00","103,94"
f9620dfbaf00aeb3e285955f70104c001459906859_full.jpeg,729,"134,00","69,24","147,00","80,18","154,00","58,82"
f9f6337b02f4cd45d88036aeeda724781532553378_full.jpeg,730,"254,00","43,30","4,00","45,14","16,00","83,68"
fa04db0727a94cb853d9284338049b261536274222_full.jpeg,731,"255,00","28,44","0,00","58,72","0,00","68,50"
fa152294500d068e6a0c19086dc000b21538634514_full.jpeg,732,"114,00","76,21","67,00","76,06","156,00","103,86"
fa1ecb900e0aba66d36e861897c54d091554507891_full.jpeg,733,"190,00","51,39","26,00","66,30","145,00","79,04"
faa002ac9675024246d94d4b8f4133561547263949_full.jpeg,734,"67,00","87,45","87,00","76,51","226,00","97,47"
fabddf1040abbd18948b9aacc18011b31475523493_full.jpeg,735,"117,00","82,76","75,00","51,54","49,00","83,08"
fb4ca5e8af9ed9ccca9db6c62811c2bd1452128821_full.jpeg,736,"220,00","49,88","46,00","43,05","89,00","64,97"
fb8356c5eadc218375f03aad6901e67c1501024811_full.jpeg,737,"74,00","63,60","50,00","45,21","125,00","67,65"
fc8938a7d556f9068bb8ed327c6c56351380569594_full.jpeg,738,"203,00","58,74","83,00","65,65","137,00","62,47"
fcd25c135faf173a4d8a67a82b3400b71507240910_full.jpeg,739,"42,00","76,17","187,00","73,86","21,00","47,43"
fd241d37083abbc9adb3ad008167ba9b1438800120_full.jpeg,740,"115,00","64,47","78,00","38,00","200,00","104,66"
fd531f6e42b7fd166808eb6d6139bc031491285980_full.jpeg,741,"93,00","75,25","41,00","52,49","29,00","85,68"
fd6f801d77097e20eb5ffb9232de14d01430173031_full.jpeg,742,"178,00","64,19","148,00","57,52","20,00","105,46"
fdaae847bf04501daad0ab5af7f0a50c1404853359_full.jpeg,743,"194,00","64,75","147,00","72,23","163,00","86,57"
fdd04d77c8a008d238a77fb26ae5024b1467144870_full.jpeg,744,"83,00","77,89","37,00","53,07","139,00","77,68"
fe2da3706ef3fa2147014cd838c43bd51479609880_full.jpeg,745,"194,00","59,57","63,00","59,08","39,00","71,56"
fe604ed8734e831ceeb0e827c45815971492038534_full.jpeg,746,"204,00","57,11","103,00","47,16","45,00","97,18"
fe78e4224e5a3a102e5c50d03496c3851536329496_full.jpeg,747,"244,00","79,31","25,00","56,49","140,00","31,87"
feb9b93904dba761c285970ce6d6ab111580259326_full.jpeg,748,"111,00","73,08","105,00","56,43","200,00","98,34"
ff08b67ad4ca585246467b41a51d63091507940093_full.jpeg,749,"227,00","71,52","45,00","52,46","36,00","70,68"
ff283b0a2bb6e9372bbafa3704b25b101547258581_full.jpeg,750,"247,00","36,64","27,00","51,27","26,00","94,95"
ff307fd8b02c62f08bda9cfa16d375221541632402_full.jpeg,751,"242,00","48,01","48,00","54,57","38,00","85,57"
ffe5a84ffeafce5f20693f7e9b6ff0151579221442_full.jpeg,752,"145,00","87,80","195,00","91,56","157,00","77,46"